ir_value,ir_strength,us_value,acc_x,acc_y,acc_z,gyr_acc_x,gyr_acc_y,gyr_acc_z,gyr_x,gyr_y,gyr_z
51.0,4839.0,49.873,1.024,0.152,2.044,-0.00366211,0.970947,-0.145264,-0.465649,0.503817,-0.267176
52.0,5256.0,49.8648,1.024,0.168,2.044,-0.0112305,0.964355,-0.143799,-0.450382,0.48855,-0.267176
51.0,4371.0,49.8689,1.032,0.16,2.044,-0.00708008,0.974609,-0.140869,-0.473282,0.503817,-0.267176
51.0,4734.0,49.8812,1.104,0.152,2.044,-0.010498,0.962402,-0.171387,-0.458015,0.51145,-0.267176
51.0,3553.0,50.2945,1.144,0.152,2.044,-0.00708008,0.95874,-0.148926,-0.442748,0.48855,-0.267176
51.0,6821.0,50.2781,1.048,0.136,2.044,-0.00292969,0.967773,-0.150635,-0.473282,0.48855,-0.267176
52.0,4036.0,50.27,1.008,0.136,2.044,-0.00708008,0.967529,-0.1604,-0.465649,0.48855,-0.274809
52.0,4844.0,50.2945,1.12,0.184,2.044,-0.0065918,0.958496,-0.155029,-0.473282,0.48855,-0.267176
51.0,4557.0,49.873,1.024,0.136,2.044,-0.00683594,0.983887,-0.148438,-0.450382,0.473282,-0.251908
51.0,4226.0,50.2659,1.04,0.256,2.044,-0.00537109,0.961914,-0.150635,-0.435115,0.480916,-0.267176
51.0,4704.0,50.3068,1.048,0.144,2.044,-0.00488281,0.963623,-0.157227,-0.450382,0.473282,-0.267176
51.0,4821.0,49.8935,1.048,0.208,2.044,-0.00048828,0.969971,-0.155518,-0.465649,0.473282,-0.267176
52.0,4161.0,50.2863,0.984,0.16,2.044,-0.00341797,0.96875,-0.145508,-0.458015,0.503817,-0.259542
52.0,4131.0,50.2781,1.024,0.168,2.044,-0.00976562,0.966797,-0.148926,-0.458015,0.480916,-0.259542
51.0,4695.0,50.2986,1.04,0.168,2.044,-0.00488281,0.9646,-0.150635,-0.442748,0.503817,-0.259542
51.0,4827.0,50.2577,1.048,0.16,2.044,-0.010498,0.962646,-0.167725,-0.465649,0.503817,-0.267176
51.0,4310.0,50.2945,1.016,0.152,2.044,-0.00146484,0.965088,-0.146973,-0.442748,0.496183,-0.251908
52.0,4110.0,49.8689,1.016,0.16,2.044,-0.0114746,0.978027,-0.151123,-0.465649,0.465649,-0.259542
51.0,5176.0,50.2577,1.016,0.168,2.044,-0.00756836,0.968262,-0.153809,-0.450382,0.480916,-0.251908
51.0,4114.0,49.8771,1.024,0.152,2.044,-0.00878906,0.964844,-0.1521,-0.458015,0.503817,-0.244275
51.0,4543.0,49.8526,1.088,0.168,2.044,-0.00732422,0.965332,-0.147461,-0.465649,0.48855,-0.251908
51.0,3952.0,50.2331,1.04,0.112,2.044,-0.0102539,0.961182,-0.146973,-0.435115,0.480916,-0.251908
51.0,4464.0,50.2495,1.024,0.2,2.044,-0.00488281,0.969482,-0.153809,-0.465649,0.48855,-0.236641
51.0,4574.0,50.3068,1.024,0.048,2.044,-0.00097656,0.967529,-0.139893,-0.458015,0.465649,-0.259542
51.0,4713.0,49.8567,1.032,0.272,2.044,-0.0124512,0.95459,-0.143799,-0.435115,0.465649,-0.244275
51.0,3941.0,49.8771,1.064,0.176,2.044,-0.00439453,0.963135,-0.148926,-0.450382,0.48855,-0.251908
51.0,4515.0,50.315,1.128,0.16,2.044,-0.00146484,0.964844,-0.156982,-0.458015,0.496183,-0.267176
51.0,3973.0,50.3313,1.024,0.16,2.044,-0.0107422,0.96582,-0.152832,-0.442748,0.473282,-0.267176
51.0,4565.0,50.2822,1.024,0.152,2.044,-0.00683594,0.9646,-0.158691,-0.450382,0.473282,-0.267176
51.0,3674.0,49.8812,1.04,0.16,2.044,-0.00268555,0.963623,-0.147705,-0.450382,0.48855,-0.274809
51.0,4309.0,50.2863,1.04,0.144,2.044,-0.00585938,0.965332,-0.145996,-0.480916,0.503817,-0.274809
51.0,4646.0,49.8771,1.024,0.144,2.044,0.0131836,0.954346,-0.155273,-0.458015,0.48855,-0.267176
52.0,3768.0,49.8812,1.056,0.136,2.04,-0.00585938,0.968262,-0.14624,-0.473282,0.48855,-0.290076
51.0,4587.0,49.8771,1.032,0.12,2.044,-0.0102539,0.954834,-0.145264,-0.458015,0.48855,-0.274809
51.0,4125.0,49.8526,1.048,0.216,2.044,-0.00854492,0.965332,-0.150879,-0.458015,0.496183,-0.274809
51.0,3712.0,50.2945,1.032,0.152,2.044,-0.0107422,0.962891,-0.148193,-0.473282,0.480916,-0.259542
51.0,4251.0,49.8935,1.024,0.152,2.044,-0.00805664,0.9646,-0.151855,-0.458015,0.480916,-0.267176
51.0,4133.0,49.8608,1.016,0.16,2.044,-0.00732422,0.968018,-0.150879,-0.450382,0.534351,-0.267176
51.0,4212.0,49.8648,1.064,0.152,2.008,-0.00683594,0.969971,-0.169678,-0.458015,0.473282,-0.244275
51.0,4605.0,50.3068,1.056,0.16,2.044,-0.00170898,0.962891,-0.159912,-0.435115,0.48855,-0.259542
51.0,4458.0,49.9467,1.048,0.176,2.044,-0.00830078,0.972412,-0.156494,-0.465649,0.48855,-0.29771
51.0,4026.0,50.2863,1.024,0.248,2.044,-0.00561523,0.982178,-0.150879,-0.419847,0.496183,-0.259542
52.0,3168.0,50.274,1.04,0.144,2.044,-0.00170898,0.964355,-0.154297,-0.435115,0.480916,-0.282443
52.0,3797.0,49.9017,1.032,0.192,2.044,-0.010498,0.98291,-0.150391,-0.450382,0.480916,-0.274809
51.0,4169.0,50.2536,1.032,0.24,2.044,-0.00976562,0.954834,-0.144043,-0.450382,0.473282,-0.259542
51.0,5202.0,49.8689,1.072,0.16,2.044,-0.00732422,0.969727,-0.146973,-0.427481,0.473282,-0.236641
51.0,4474.0,49.8894,1.024,0.136,2.044,-0.00585938,0.983643,-0.148438,-0.450382,0.48855,-0.244275
51.0,3881.0,50.3027,1.024,0.152,2.044,-0.00976562,0.969971,-0.152344,-0.465649,0.480916,-0.282443
51.0,4300.0,49.8689,1.024,0.16,2.044,-0.00732422,0.9646,-0.155273,-0.442748,0.480916,-0.274809
51.0,3261.0,49.8608,1.032,0.16,2.044,-0.00341797,0.967529,-0.151123,-0.473282,0.496183,-0.267176
51.0,4724.0,50.3436,1.032,0.16,2.044,-0.0124512,0.968506,-0.150635,-0.473282,0.48855,-0.251908
51.0,4708.0,49.8853,1.048,0.216,2.044,-0.00317383,0.963867,-0.150879,-0.442748,0.480916,-0.267176
51.0,4472.0,49.8321,1.08,0.152,2.044,-0.00610352,0.966797,-0.145508,-0.442748,0.480916,-0.251908
51.0,4170.0,49.8403,1.04,0.168,2.044,0.00195312,0.969238,-0.148926,-0.450382,0.473282,-0.267176
51.0,4758.0,49.8689,1.064,0.04,2.044,-0.00439453,0.968018,-0.158691,-0.442748,0.480916,-0.244275
51.0,4274.0,49.8321,1.048,0.152,2.044,-0.010498,0.962158,-0.154785,-0.473282,0.480916,-0.259542
51.0,4674.0,49.8608,1.048,0.224,2.044,-0.00292969,0.953125,-0.151367,-0.458015,0.496183,-0.267176
51.0,4429.0,49.8485,1.032,0.168,2.044,-0.00244141,0.964355,-0.146729,-0.473282,0.473282,-0.251908
51.0,4606.0,49.8853,1.064,0.136,2.044,-0.00317383,0.967041,-0.15625,-0.419847,0.496183,-0.274809
51.0,6276.0,49.8812,1.04,0.104,2.044,-0.00146484,0.966553,-0.154297,-0.458015,0.473282,-0.244275
51.0,4440.0,49.8894,0.992,0.136,2.044,-0.00952148,0.983398,-0.143799,-0.442748,0.496183,-0.251908
51.0,5161.0,49.8894,1.024,0.16,2.044,-0.00512695,0.981934,-0.148438,-0.427481,0.496183,-0.244275
51.0,5832.0,49.8648,1.072,0.16,2.044,-0.00830078,0.963135,-0.143799,-0.442748,0.48855,-0.244275
52.0,5290.0,50.2536,1.032,0.152,2.044,-0.0012207,0.97168,-0.143311,-0.458015,0.519084,-0.259542
51.0,3981.0,49.8812,1.048,0.128,2.044,-0.00976562,0.955811,-0.13623,-0.458015,0.503817,-0.274809
51.0,4933.0,49.8894,1.024,0.152,2.044,-0.00634766,0.95752,-0.146729,-0.450382,0.480916,-0.282443
51.0,4799.0,49.8976,1.024,0.248,2.044,-0.00976562,0.969971,-0.140137,-0.473282,0.48855,-0.244275
51.0,4273.0,49.959,1.04,0.152,2.044,-0.0102539,0.95752,-0.144531,-0.450382,0.503817,-0.267176
52.0,3968.0,49.8771,1.144,0.136,2.044,-0.00585938,0.9646,-0.147217,-0.442748,0.48855,-0.229008
51.0,4764.0,49.8567,1.032,0.136,2.044,-0.00537109,0.966797,-0.142334,-0.450382,0.473282,-0.282443
52.0,4274.0,49.8771,1.0,0.192,2.044,-0.0078125,0.955566,-0.151855,-0.465649,0.496183,-0.251908
51.0,4579.0,50.2781,1.024,0.176,2.044,-0.00830078,0.963867,-0.164795,-0.450382,0.496183,-0.267176
51.0,4175.0,50.274,1.024,0.136,2.044,-0.00976562,0.961914,-0.156982,-0.450382,0.48855,-0.244275
52.0,4253.0,50.27,1.048,0.128,2.044,-0.00585938,0.984131,-0.136719,-0.496183,0.473282,-0.267176
52.0,3756.0,49.9017,1.024,0.184,2.044,-0.0078125,0.968506,-0.153809,-0.435115,0.465649,-0.267176
51.0,5229.0,50.2863,1.064,0.184,2.044,-0.0141602,0.966309,-0.155762,-0.427481,0.480916,-0.267176
51.0,4786.0,50.2986,1.024,0.168,2.044,-0.00463867,0.95752,-0.15625,-0.458015,0.496183,-0.259542
51.0,4883.0,50.2781,1.032,0.12,2.044,-0.0102539,0.969727,-0.150879,-0.473282,0.48855,-0.274809
52.0,4711.0,50.2659,1.024,0.128,2.044,-0.00488281,0.966797,-0.161621,-0.40458,0.496183,-0.236641
52.0,3243.0,49.8567,1.048,0.144,2.044,-0.0065918,0.968994,-0.150391,-0.496183,0.503817,-0.236641
51.0,4623.0,50.2822,1.024,0.064,2.044,-0.0107422,0.95752,-0.138428,-0.450382,0.480916,-0.259542
51.0,3984.0,50.2659,0.992,0.168,2.044,-0.00073242,0.969727,-0.147461,-0.465649,0.496183,-0.236641
52.0,4091.0,50.3068,1.04,0.152,2.044,-0.0151367,0.971924,-0.154785,-0.442748,0.473282,-0.251908
51.0,6037.0,50.2904,1.032,0.152,2.044,-0.00292969,0.97168,-0.150146,-0.473282,0.473282,-0.251908
51.0,5028.0,50.2863,1.048,0.184,2.044,-0.00634766,0.962891,-0.15332,-0.442748,0.496183,-0.274809
52.0,4250.0,50.2863,1.04,0.112,2.044,-0.00610352,0.96582,-0.148682,-0.458015,0.480916,-0.244275
52.0,3995.0,50.2904,0.984,0.176,2.044,-0.00463867,0.963379,-0.148193,-0.442748,0.480916,-0.274809
51.0,4686.0,50.3027,1.024,0.176,2.044,-0.00854492,0.969971,-0.148926,-0.473282,0.48855,-0.251908
52.0,3741.0,50.2822,1.056,0.152,2.044,-0.00073242,0.966797,-0.149902,-0.427481,0.465649,-0.251908
52.0,10650.0,50.3191,1.08,0.176,2.044,-0.00268555,0.9646,-0.145752,-0.458015,0.480916,-0.259542
51.0,5501.0,50.27,1.024,0.176,2.032,-0.0136719,0.961182,-0.157959,-0.458015,0.503817,-0.251908
51.0,5155.0,50.3436,1.024,0.192,2.044,-0.00317383,0.953613,-0.147705,-0.435115,0.496183,-0.267176
51.0,4310.0,50.2822,1.024,0.144,2.044,-0.00512695,0.964844,-0.14917,-0.458015,0.496183,-0.251908
53.0,6644.0,50.2618,1.072,0.16,2.044,-0.00732422,0.970947,-0.152344,-0.450382,0.48855,-0.267176
52.0,4879.0,50.3313,1.032,0.184,2.044,-0.00341797,0.966797,-0.152588,-0.427481,0.480916,-0.251908
51.0,5567.0,50.3354,1.016,0.088,2.044,-0.00952148,0.978027,-0.151123,-0.450382,0.473282,-0.251908
51.0,4501.0,50.2904,1.032,0.168,2.044,-0.00585938,0.968994,-0.143066,-0.465649,0.48855,-0.236641
51.0,4032.0,50.3068,1.064,0.16,2.044,-0.00415039,0.962646,-0.149658,-0.473282,0.48855,-0.267176
51.0,4165.0,50.27,1.032,0.128,2.044,-0.00610352,0.966553,-0.150391,-0.442748,0.496183,-0.282443
51.0,3776.0,49.8689,1.072,0.136,2.044,-0.00439453,0.98291,-0.144775,-0.450382,0.503817,-0.267176
52.0,4504.0,50.2822,0.984,0.16,2.044,-0.00488281,0.965576,-0.14917,-0.473282,0.480916,-0.282443
51.0,3680.0,50.2577,1.056,0.152,2.044,-0.00732422,0.962891,-0.166992,-0.473282,0.496183,-0.259542
51.0,4429.0,49.8853,1.024,0.16,2.044,-0.00244141,0.967041,-0.154541,-0.458015,0.48855,-0.251908
51.0,4610.0,49.8689,1.024,0.144,2.044,-0.00341797,0.962646,-0.145264,-0.465649,0.48855,-0.251908
51.0,4913.0,49.8894,1.056,0.152,2.044,-0.00488281,0.963867,-0.154297,-0.442748,0.503817,-0.267176
51.0,4739.0,49.8935,1.12,0.16,2.044,-0.00488281,0.983154,-0.128418,-0.473282,0.503817,-0.259542
51.0,4279.0,49.8812,1.024,0.152,2.044,-0.00756836,0.967041,-0.144043,-0.458015,0.48855,-0.251908
51.0,4456.0,49.873,0.992,0.152,2.044,-0.00097656,0.967529,-0.171143,-0.435115,0.473282,-0.267176
51.0,4296.0,50.2904,1.16,0.152,2.044,-0.00341797,0.96875,-0.156006,-0.442748,0.496183,-0.251908
51.0,4610.0,49.8812,1.032,0.168,2.044,-0.00805664,0.953857,-0.147461,-0.450382,0.496183,-0.274809
51.0,5659.0,50.3313,1.032,0.112,2.044,-0.00097656,0.971924,-0.153564,-0.458015,0.480916,-0.267176
52.0,3464.0,50.3722,1.072,0.16,2.044,-0.0117188,0.962402,-0.150391,-0.465649,0.465649,-0.259542
51.0,4181.0,50.3559,1.048,0.192,2.044,-0.00048828,0.969971,-0.143311,-0.442748,0.496183,-0.274809
51.0,4915.0,50.3313,1.024,0.152,2.044,-0.00561523,0.962891,-0.144531,-0.465649,0.496183,-0.251908
52.0,4143.0,50.3313,1.024,0.16,2.044,-0.00537109,0.963379,-0.150391,-0.450382,0.496183,-0.259542
52.0,3876.0,50.3068,1.12,0.2,2.044,-0.0100098,0.963623,-0.1521,-0.480916,0.496183,-0.259542
51.0,4414.0,50.3191,1.016,0.272,2.044,-0.0078125,0.964111,-0.145264,-0.450382,0.51145,-0.282443
51.0,3587.0,50.2986,1.032,0.2,2.044,-0.00634766,0.961182,-0.147949,-0.473282,0.473282,-0.267176
51.0,4841.0,50.315,1.032,0.136,2.044,-0.00585938,0.963135,-0.151611,-0.465649,0.480916,-0.259542
51.0,4483.0,50.315,1.048,0.136,2.044,-0.00146484,0.960938,-0.151855,-0.473282,0.48855,-0.267176
51.0,4098.0,50.2577,1.064,0.096,2.044,-0.00927734,0.964844,-0.146729,-0.442748,0.496183,-0.259542
51.0,3943.0,49.8689,1.04,0.152,2.044,-0.00952148,0.97168,-0.155762,-0.435115,0.48855,-0.251908
51.0,3001.0,50.2781,1.0,0.176,2.044,-0.00976562,0.963867,-0.144287,-0.465649,0.465649,-0.267176
51.0,4248.0,49.8771,1.08,0.12,2.044,-0.0129395,0.962158,-0.147217,-0.465649,0.496183,-0.267176
51.0,4443.0,49.8771,1.024,0.288,2.044,-0.00415039,0.970947,-0.143799,-0.473282,0.496183,-0.274809
51.0,3854.0,49.8608,1.024,0.152,2.044,-0.00683594,0.966553,-0.146973,-0.465649,0.473282,-0.267176
51.0,3895.0,50.36,1.024,0.16,2.044,-0.0078125,0.965088,-0.152588,-0.480916,0.48855,-0.267176
51.0,5106.0,50.2822,1.04,0.152,2.044,-0.00805664,0.963379,-0.157471,-0.450382,0.48855,-0.251908
51.0,6338.0,50.3477,1.072,0.168,2.044,-0.00854492,0.960938,-0.151123,-0.473282,0.48855,-0.274809
51.0,4138.0,50.3927,1.024,0.16,2.044,-0.00683594,0.962402,-0.1521,-0.435115,0.458015,-0.244275
51.0,4018.0,50.2822,0.992,0.136,2.044,-0.00268555,0.970459,-0.167725,-0.458015,0.480916,-0.259542
51.0,3302.0,50.2904,1.04,0.056,2.044,-0.00439453,0.973145,-0.158447,-0.473282,0.48855,-0.267176
51.0,3979.0,50.2659,1.0,0.08,2.044,-0.0012207,0.966797,-0.15332,-0.480916,0.473282,-0.290076
51.0,4209.0,50.315,1.04,0.168,2.044,-0.00634766,0.967041,-0.157227,-0.435115,0.48855,-0.267176
51.0,2970.0,50.3272,1.024,0.112,2.044,-0.0146484,0.965088,-0.1521,-0.473282,0.503817,-0.251908
51.0,4319.0,50.2945,1.048,0.16,2.044,-0.00683594,0.968506,-0.147461,-0.435115,0.496183,-0.251908
51.0,4765.0,50.315,1.024,0.16,2.044,-0.00341797,0.966064,-0.150879,-0.435115,0.496183,-0.274809
51.0,4493.0,49.8853,1.0,0.176,2.044,-0.00244141,0.96875,-0.154053,-0.465649,0.503817,-0.259542
51.0,4092.0,50.3191,1.032,0.16,2.044,-0.00634766,0.968262,-0.153564,-0.427481,0.51145,-0.251908
51.0,4399.0,50.3477,1.008,0.04,2.044,-0.00292969,0.971436,-0.155762,-0.458015,0.48855,-0.267176
51.0,4098.0,50.2822,1.048,0.16,2.044,-0.00537109,0.953369,-0.141846,-0.473282,0.496183,-0.244275
51.0,3234.0,50.274,1.032,0.152,2.044,-0.00830078,0.95752,-0.151123,-0.450382,0.496183,-0.244275
51.0,4672.0,50.2822,1.04,0.12,2.044,-0.00488281,0.964111,-0.154785,-0.458015,0.51145,-0.274809
51.0,4067.0,50.3272,1.04,0.08,2.044,-0.00366211,0.960938,-0.147217,-0.450382,0.496183,-0.267176
51.0,4335.0,50.2618,1.064,0.136,2.044,-0.0114746,0.971436,-0.154297,-0.450382,0.473282,-0.282443
52.0,4195.0,50.2822,0.96,0.128,2.044,-0.0109863,0.953857,-0.16626,-0.450382,0.496183,-0.259542
51.0,3541.0,50.2822,1.048,0.128,2.044,-0.00170898,0.964111,-0.14917,-0.465649,0.480916,-0.259542
51.0,4783.0,50.2577,1.008,0.184,2.044,-0.00292969,0.963379,-0.150146,-0.442748,0.503817,-0.244275
52.0,4570.0,50.3395,1.048,0.136,2.044,-0.00561523,0.965088,-0.152588,-0.458015,0.480916,-0.282443
51.0,4336.0,50.3477,0.992,0.152,2.044,-0.0151367,0.954346,-0.148193,-0.503817,0.496183,-0.259542
51.0,3852.0,50.36,1.04,0.2,2.044,-0.00537109,0.963379,-0.150391,-0.427481,0.48855,-0.251908
51.0,4494.0,50.3313,1.048,0.216,2.044,0.0112305,0.965088,-0.164551,-0.435115,0.480916,-0.267176
51.0,4114.0,50.3395,1.032,0.176,2.044,-0.00415039,0.96582,-0.15918,-0.450382,0.473282,-0.282443
51.0,4943.0,49.8608,1.024,0.16,2.044,-0.0107422,0.961182,-0.149414,-0.458015,0.496183,-0.236641
51.0,4979.0,49.8689,1.024,0.088,2.044,-0.0107422,0.954834,-0.144043,-0.427481,0.496183,-0.267176
51.0,3759.0,50.5605,1.024,0.136,2.044,-0.0114746,0.969238,-0.147705,-0.442748,0.48855,-0.259542
52.0,2797.0,50.3068,1.064,0.144,2.044,-0.00463867,0.9646,-0.156006,-0.442748,0.503817,-0.259542
51.0,4310.0,50.3313,1.024,0.184,2.044,-0.010498,0.963867,-0.144775,-0.450382,0.496183,-0.259542
51.0,4177.0,50.3395,1.032,0.16,2.044,-0.00268555,0.968506,-0.143799,-0.450382,0.48855,-0.274809
51.0,3899.0,49.9221,1.032,0.136,2.044,-0.00390625,0.960693,-0.145996,-0.458015,0.480916,-0.267176
51.0,4113.0,50.2986,1.032,0.176,2.044,-0.00634766,0.963623,-0.151855,-0.442748,0.496183,-0.251908
51.0,4868.0,50.2781,1.016,0.184,2.044,-0.00439453,0.967285,-0.151611,-0.473282,0.48855,-0.282443
51.0,4200.0,50.3272,1.024,0.176,2.044,-0.00561523,0.962646,-0.149414,-0.450382,0.48855,-0.259542
51.0,4483.0,50.2822,1.088,0.184,2.044,-0.00854492,0.964355,-0.150146,-0.473282,0.48855,-0.274809
52.0,3562.0,50.2781,1.024,0.2,2.044,-0.00585938,0.964355,-0.134521,-0.450382,0.480916,-0.259542
51.0,4223.0,50.2904,1.112,0.192,2.044,-0.00854492,0.964111,-0.152832,-0.419847,0.473282,-0.267176
51.0,3665.0,50.3559,1.048,0.112,2.044,-0.0065918,0.983887,-0.15332,-0.442748,0.496183,-0.267176
51.0,3778.0,50.3804,1.048,0.152,2.044,-0.00585938,0.963135,-0.149658,-0.48855,0.48855,-0.251908
51.0,4378.0,50.3559,1.016,0.144,2.044,-0.0078125,0.96875,-0.149414,-0.450382,0.48855,-0.282443
51.0,4607.0,50.27,1.032,0.24,2.044,-0.00439453,0.96582,-0.158203,-0.473282,0.480916,-0.274809
51.0,4373.0,50.2904,1.04,0.144,2.044,-0.012207,0.963379,-0.146484,-0.465649,0.458015,-0.259542
51.0,4135.0,50.3272,1.024,0.208,2.044,-0.00976562,0.964355,-0.149902,-0.473282,0.503817,-0.259542
51.0,4090.0,50.3191,0.896,0.128,2.044,-0.00585938,0.961914,-0.138428,-0.458015,0.503817,-0.259542
51.0,4403.0,50.2945,1.032,0.128,2.044,-0.00073242,0.962646,-0.145996,-0.435115,0.503817,-0.251908
51.0,4795.0,50.2986,1.096,0.16,2.044,-0.00292969,0.965088,-0.14917,-0.435115,0.48855,-0.267176
51.0,5368.0,49.8812,0.992,0.168,2.044,-0.0119629,0.962646,-0.144775,-0.458015,0.480916,-0.236641
51.0,4252.0,50.2986,1.04,0.144,2.044,-0.00610352,0.966553,-0.147461,-0.465649,0.480916,-0.274809
51.0,4482.0,49.8771,1.024,0.192,2.016,-0.00634766,0.970947,-0.167725,-0.473282,0.473282,-0.251908
51.0,5136.0,50.3027,1.0,0.176,2.044,-0.00366211,0.9646,-0.148193,-0.458015,0.496183,-0.251908
51.0,2854.0,50.3191,1.024,0.064,2.044,-0.00390625,0.954102,-0.143799,-0.442748,0.496183,-0.244275
51.0,19870.0,50.3722,1.016,0.144,2.044,-0.00512695,0.968262,-0.151367,-0.465649,0.480916,-0.274809
51.0,5179.0,49.9549,1.016,0.112,2.044,-0.0126953,0.979492,-0.150391,-0.458015,0.503817,-0.251908
51.0,3782.0,49.8935,1.04,0.224,2.044,-0.0151367,0.971924,-0.141113,-0.465649,0.496183,-0.259542
51.0,4628.0,49.873,1.0,0.16,2.044,-0.00708008,0.96875,-0.150879,-0.450382,0.496183,-0.267176
51.0,4545.0,49.8526,1.024,0.256,2.044,-0.0065918,0.966064,-0.148438,-0.480916,0.496183,-0.259542
51.0,2805.0,50.315,1.016,0.168,2.044,-0.00292969,0.968262,-0.157227,-0.435115,0.519084,-0.251908
51.0,4364.0,49.7789,1.016,0.176,2.044,-0.00537109,0.969971,-0.152344,-0.473282,0.48855,-0.259542
51.0,4737.0,49.8444,1.04,0.136,2.044,-0.0109863,0.955322,-0.146729,-0.442748,0.465649,-0.251908
53.0,7259.0,50.2863,1.04,0.136,2.044,-0.00561523,0.966797,-0.150635,-0.442748,0.48855,-0.267176
52.0,14206.0,49.8812,1.024,0.144,2.044,-0.00390625,0.966309,-0.143555,-0.442748,0.48855,-0.267176
51.0,3970.0,50.2822,1.104,0.144,2.044,-0.00439453,0.971191,-0.156494,-0.427481,0.519084,-0.274809
51.0,3544.0,49.8771,0.968,0.12,2.044,-0.00976562,0.972656,-0.151367,-0.450382,0.480916,-0.251908
52.0,2078.0,50.2577,1.048,0.152,2.044,-0.0065918,0.960938,-0.157227,-0.450382,0.465649,-0.274809
53.0,7373.0,50.2863,1.016,0.208,2.044,-0.00390625,0.953613,-0.14917,-0.427481,0.473282,-0.267176
51.0,10928.0,49.8894,1.048,0.16,2.044,-0.00878906,0.965088,-0.14624,-0.435115,0.496183,-0.244275
53.0,2164.0,49.8853,1.04,0.112,2.044,-0.0124512,0.965576,-0.155762,-0.458015,0.465649,-0.259542
51.0,2779.0,49.8608,1.04,0.136,2.044,-0.00878906,0.963135,-0.145752,-0.519084,0.503817,-0.236641
52.0,3510.0,50.2413,1.032,0.16,2.032,-0.00488281,0.963379,-0.159912,-0.458015,0.480916,-0.259542
53.0,3599.0,49.9303,1.024,0.144,2.024,-0.00732422,0.965576,-0.144775,-0.465649,0.496183,-0.274809
50.0,3555.0,50.2863,1.032,0.152,2.044,-0.00170898,0.969482,-0.147461,-0.465649,0.48855,-0.259542
54.0,2374.0,49.959,1.112,0.184,2.044,-0.00708008,0.964844,-0.158447,-0.450382,0.503817,-0.244275
51.0,15998.0,50.2904,1.048,0.168,2.044,-0.00585938,0.964355,-0.153564,-0.450382,0.51145,-0.251908
52.0,4601.0,49.9262,1.064,0.168,2.044,-0.0078125,0.956543,-0.143311,-0.458015,0.473282,-0.259542
51.0,15920.0,50.0572,1.056,0.152,2.044,-0.00610352,0.953125,-0.151611,-0.442748,0.519084,-0.251908
52.0,3556.0,50.2822,1.024,0.128,2.044,-0.00537109,0.962158,-0.168945,-0.473282,0.473282,-0.236641
52.0,5142.0,50.27,1.088,0.144,2.044,-0.0100098,0.9646,-0.150391,-0.458015,0.503817,-0.282443
53.0,1722.0,49.8567,1.096,0.128,2.044,-0.0114746,0.96875,-0.146973,-0.458015,0.480916,-0.244275
51.0,6412.0,49.9467,1.024,0.168,2.044,-0.00732422,0.953613,-0.150391,-0.442748,0.48855,-0.267176
52.0,6424.0,50.36,1.056,0.136,2.044,-0.0146484,0.956787,-0.14209,-0.473282,0.473282,-0.259542
50.0,4767.0,50.2495,1.032,0.16,2.044,-0.0134277,0.964844,-0.168701,-0.458015,0.496183,-0.282443
52.0,6278.0,50.139,1.024,0.144,2.044,-0.00390625,0.971924,-0.153809,-0.458015,0.496183,-0.244275
52.0,3773.0,50.2577,1.064,0.12,2.044,-0.00585938,0.960205,-0.142578,-0.442748,0.48855,-0.282443
50.0,2630.0,49.8444,1.04,0.168,2.044,-0.00244141,0.967285,-0.152832,-0.442748,0.48855,-0.236641
54.0,1922.0,50.2495,1.024,0.168,2.044,-0.00341797,0.967773,-0.146484,-0.458015,0.496183,-0.251908
52.0,3341.0,49.8976,1.04,0.144,2.044,-0.00366211,0.966309,-0.134766,-0.450382,0.503817,-0.244275
52.0,5017.0,49.5579,1.024,0.144,2.044,-0.0100098,0.970459,-0.152588,-0.458015,0.48855,-0.267176
53.0,6348.0,50.3682,1.032,0.16,2.044,-0.00708008,0.967773,-0.154541,-0.435115,0.48855,-0.267176
51.0,4315.0,50.3313,1.048,0.152,2.044,-0.00390625,0.9646,-0.153076,-0.48855,0.48855,-0.251908
52.0,12540.0,49.8771,1.024,0.128,2.044,-0.00952148,0.968018,-0.148438,-0.435115,0.480916,-0.267176
51.0,3191.0,50.3436,1.032,0.16,2.044,-0.010498,0.967773,-0.148682,-0.480916,0.473282,-0.251908
52.0,6160.0,49.9139,1.056,0.224,2.044,-0.00756836,0.966064,-0.148438,-0.458015,0.48855,-0.274809
51.0,4403.0,50.3845,1.024,0.216,2.044,-0.0100098,0.956543,-0.148438,-0.480916,0.496183,-0.259542
52.0,4572.0,50.3272,1.024,0.184,2.044,-0.00585938,0.959717,-0.155762,-0.473282,0.473282,-0.267176
52.0,3609.0,49.8648,1.088,0.16,2.044,-0.00683594,0.965576,-0.144043,-0.458015,0.480916,-0.282443
51.0,3813.0,49.918,1.048,0.16,2.04,-0.00512695,0.969238,-0.151123,-0.442748,0.503817,-0.274809
50.0,5763.0,50.3395,1.016,0.16,2.044,-0.00927734,0.964844,-0.147217,-0.458015,0.496183,-0.244275
51.0,3950.0,49.8976,1.024,0.224,2.044,-0.00512695,0.966309,-0.146729,-0.473282,0.48855,-0.259542
51.0,3762.0,50.2208,1.032,0.168,2.044,-0.00927734,0.97168,-0.14624,-0.465649,0.480916,-0.274809
51.0,4373.0,49.8689,1.008,0.168,1.976,-0.00634766,0.967529,-0.143799,-0.458015,0.503817,-0.244275
51.0,6174.0,50.27,1.096,0.168,2.044,-0.00390625,0.964844,-0.143555,-0.435115,0.496183,-0.251908
51.0,6005.0,50.2618,1.024,0.152,2.044,-0.0090332,0.981445,-0.148193,-0.442748,0.465649,-0.267176
51.0,5388.0,50.2577,1.024,0.152,2.044,-0.00268555,0.967041,-0.145752,-0.458015,0.48855,-0.259542
51.0,5647.0,50.3559,1.024,0.256,2.044,-0.0102539,0.966553,-0.144287,-0.458015,0.48855,-0.259542
51.0,5064.0,49.9017,1.048,0.184,2.044,-0.0151367,0.963135,-0.155518,-0.435115,0.473282,-0.251908
51.0,3736.0,50.6096,1.024,0.128,2.044,-0.00219727,0.969971,-0.138916,-0.465649,0.496183,-0.244275
51.0,4301.0,49.8239,1.088,0.128,2.044,-0.0134277,0.966064,-0.137695,-0.473282,0.480916,-0.251908
51.0,3489.0,50.315,1.032,0.144,2.044,-0.00317383,0.961182,-0.1521,-0.450382,0.48855,-0.259542
51.0,1745.0,50.27,1.024,0.144,2.044,-0.0065918,0.960938,-0.144531,-0.450382,0.51145,-0.259542
51.0,5385.0,49.9344,1.072,0.168,1.992,-0.0102539,0.981689,-0.151367,-0.458015,0.503817,-0.274809
51.0,3753.0,49.9303,1.152,0.184,2.044,-0.013916,0.96875,-0.150879,-0.450382,0.496183,-0.267176
51.0,6794.0,50.3313,1.0,0.128,2.044,-0.00537109,0.965576,-0.148438,-0.435115,0.496183,-0.251908
52.0,5367.0,50.3436,1.04,0.16,2.044,-0.00488281,0.963867,-0.152832,-0.465649,0.48855,-0.259542
51.0,4030.0,50.2945,1.056,0.144,2.044,-0.00341797,0.969971,-0.14917,-0.473282,0.51145,-0.274809
52.0,3508.0,49.8812,1.024,0.168,2.0,-0.00268555,0.964111,-0.158447,-0.458015,0.503817,-0.236641
51.0,3974.0,49.8608,1.056,0.168,2.044,-0.00439453,0.967041,-0.152344,-0.465649,0.496183,-0.251908
51.0,4419.0,50.2904,0.968,0.168,2.044,-0.00415039,0.9646,-0.148926,-0.465649,0.503817,-0.282443
51.0,4394.0,50.3313,1.024,0.136,2.044,-0.00634766,0.961426,-0.14502,-0.435115,0.480916,-0.259542
51.0,4551.0,50.3436,1.04,0.152,2.044,-0.0100098,0.966797,-0.150146,-0.458015,0.473282,-0.259542
52.0,4404.0,50.2577,1.072,0.136,2.044,-0.0102539,0.966064,-0.171631,-0.473282,0.473282,-0.267176
51.0,4879.0,50.315,1.04,0.208,1.952,-0.010498,0.963379,-0.142822,-0.458015,0.48855,-0.259542
51.0,4442.0,50.2945,0.992,0.176,2.044,0.0,0.962158,-0.147461,-0.465649,0.503817,-0.267176
51.0,4503.0,49.9221,1.016,0.168,2.044,-0.00537109,0.966553,-0.139404,-0.450382,0.473282,-0.244275
51.0,4220.0,50.2659,1.04,0.152,2.044,-0.0112305,0.963623,-0.149658,-0.458015,0.503817,-0.274809
51.0,4154.0,50.3395,1.064,0.08,2.044,-0.00634766,0.973633,-0.153809,-0.435115,0.496183,-0.305344
51.0,5686.0,50.5728,0.976,0.12,2.044,0.00805664,0.968994,-0.163086,-0.687023,0.473282,-0.259542
51.0,5110.0,49.9344,1.048,0.096,2.044,-0.0129395,0.975098,-0.146484,-0.450382,0.480916,-0.267176
51.0,3594.0,49.9139,1.04,0.144,2.044,-0.00537109,0.97998,-0.151367,-0.564885,0.465649,-0.236641
51.0,4836.0,49.918,1.032,0.128,2.044,-0.00048828,0.968506,-0.161133,-0.412214,0.465649,-0.282443
51.0,4378.0,50.3395,1.024,0.144,2.044,-0.00048828,0.963379,-0.144531,-0.549618,0.473282,-0.251908
51.0,5027.0,49.9221,1.056,0.16,2.044,-0.00805664,0.975586,-0.149902,-0.480916,0.48855,-0.259542
52.0,4822.0,50.2904,1.104,0.152,2.044,0.00073242,0.960693,-0.163574,-0.351145,0.503817,-0.244275
51.0,5111.0,50.2577,1.056,0.16,2.044,-0.00634766,0.957764,-0.168457,-0.40458,0.496183,-0.274809
52.0,2972.0,50.2659,1.056,0.16,2.024,-0.00415039,0.969727,-0.1521,-0.465649,0.473282,-0.290076
51.0,4784.0,49.8976,1.056,0.144,2.044,-0.00634766,0.971191,-0.143799,-0.503817,0.48855,-0.267176
51.0,3991.0,49.9262,1.056,0.24,2.044,-0.0148926,0.978027,-0.131348,-0.496183,0.480916,-0.267176
51.0,4033.0,50.3436,1.024,0.192,2.044,-0.0109863,0.967529,-0.151367,-0.503817,0.48855,-0.259542
51.0,4596.0,50.3109,1.024,0.144,2.044,-0.010498,0.962646,-0.147705,-0.374046,0.480916,-0.244275
51.0,3104.0,50.3518,1.096,0.152,2.044,-0.0090332,0.95459,-0.1604,-0.450382,0.496183,-0.282443
51.0,4588.0,50.315,1.016,0.136,2.044,-0.00830078,0.965332,-0.143799,-0.450382,0.480916,-0.259542
51.0,5132.0,49.8812,1.04,0.096,2.044,-0.0117188,0.968994,-0.150146,-0.473282,0.503817,-0.267176
51.0,4529.0,49.9017,1.056,0.152,2.044,-0.00732422,0.966309,-0.161133,-0.48855,0.480916,-0.244275
51.0,4449.0,50.3395,1.048,0.192,2.044,-0.00488281,0.970947,-0.135498,-0.465649,0.51145,-0.251908
51.0,4262.0,50.3722,1.04,0.12,2.044,-0.00390625,0.960693,-0.154785,-0.458015,0.496183,-0.259542
51.0,4561.0,50.3559,1.04,0.12,2.044,-0.00537109,0.959229,-0.169434,-0.465649,0.496183,-0.274809
51.0,5149.0,50.2863,1.008,0.112,2.044,-0.00683594,0.954834,-0.145996,-0.519084,0.503817,-0.282443
52.0,3989.0,50.3027,1.08,0.184,2.044,-0.0153809,0.98291,-0.162842,-0.465649,0.51145,-0.267176
52.0,4797.0,50.2822,1.04,0.16,1.984,-0.0107422,0.972656,-0.157959,-0.442748,0.51145,-0.236641
52.0,3668.0,50.3395,1.008,0.16,2.044,-0.0114746,0.960205,-0.141357,-0.450382,0.465649,-0.267176
52.0,4293.0,50.2986,1.136,0.144,2.044,-0.00878906,0.9646,-0.153564,-0.496183,0.48855,-0.267176
51.0,4306.0,50.3682,0.968,0.136,2.044,-0.00439453,0.958496,-0.14624,-0.458015,0.480916,-0.259542
51.0,4352.0,49.9344,0.96,0.12,2.044,-0.0107422,0.964844,-0.147705,-0.450382,0.48855,-0.267176
52.0,4746.0,49.9099,1.056,0.16,2.032,-0.00366211,0.959473,-0.154053,-0.435115,0.496183,-0.290076
51.0,4547.0,49.9344,1.008,0.176,2.044,-0.00585938,0.966553,-0.15625,-0.458015,0.48855,-0.274809
51.0,4124.0,50.3027,1.048,0.208,2.044,-0.00439453,0.967041,-0.150879,-0.435115,0.473282,-0.259542
51.0,4756.0,50.3231,0.816,0.264,2.044,-0.00585938,0.968018,-0.160889,-0.450382,0.480916,-0.267176
51.0,3971.0,50.3559,1.032,0.136,2.044,-0.00268555,0.97583,-0.148682,-0.480916,0.496183,-0.274809
52.0,4144.0,50.2986,1.048,0.064,2.044,-0.00195312,0.966064,-0.148438,-0.442748,0.458015,-0.259542
51.0,3943.0,50.2986,1.04,0.136,2.044,-0.00683594,0.955322,-0.148438,-0.465649,0.480916,-0.251908
51.0,3669.0,50.3477,1.04,0.16,2.044,-0.00610352,0.961182,-0.14209,-0.473282,0.480916,-0.274809
51.0,3951.0,50.3518,1.032,0.184,2.044,-0.00561523,0.966064,-0.146729,-0.465649,0.496183,-0.267176
51.0,4606.0,50.3518,1.048,0.2,2.044,-0.00732422,0.961182,-0.1604,-0.450382,0.480916,-0.29771
51.0,4570.0,50.3027,1.04,0.168,2.044,-0.00805664,0.956787,-0.155273,-0.465649,0.496183,-0.259542
51.0,3423.0,50.2863,1.008,0.16,2.044,-0.00537109,0.966064,-0.149902,-0.465649,0.496183,-0.282443
51.0,3385.0,50.3477,1.04,0.152,2.044,-0.00610352,0.960693,-0.149414,-0.450382,0.496183,-0.244275
51.0,3909.0,49.8935,1.024,0.144,2.044,-0.00512695,0.980469,-0.170166,-0.450382,0.496183,-0.251908
51.0,5565.0,49.8812,1.144,0.136,2.044,-0.00146484,0.953857,-0.153076,-0.442748,0.480916,-0.259542
51.0,4440.0,50.274,1.056,0.208,2.044,-0.00683594,0.965576,-0.158691,-0.396947,0.480916,-0.274809
51.0,5900.0,50.36,1.056,0.16,2.044,-0.00512695,0.9646,-0.150879,-0.435115,0.496183,-0.244275
51.0,4339.0,50.3109,1.048,0.168,2.044,-0.00805664,0.961426,-0.145752,-0.427481,0.480916,-0.274809
51.0,3366.0,50.274,1.0,0.064,2.044,0.0078125,0.965332,-0.14917,-0.458015,0.496183,-0.274809
50.0,5884.0,50.2945,1.048,0.272,2.044,-0.0505371,0.973877,-0.128418,-0.48855,0.480916,-0.259542
50.0,6060.0,50.36,1.056,0.2,2.044,-0.0527344,0.965332,-0.155029,-0.480916,0.465649,-0.229008
50.0,5525.0,49.9467,0.992,0.2,2.044,-0.0527344,0.970947,-0.162354,-0.496183,0.48855,-0.274809
50.0,8579.0,49.9549,1.064,0.168,2.044,-0.0334473,0.961914,-0.144775,-0.358779,0.480916,-0.29771
50.0,5717.0,50.3641,1.04,0.192,2.044,-0.0444336,0.972412,-0.137451,-0.541985,0.48855,-0.274809
50.0,5520.0,50.3109,1.016,0.232,2.044,-0.0432129,0.958252,-0.154297,-0.473282,0.496183,-0.244275
50.0,5970.0,50.3436,0.984,0.224,2.044,-0.0429688,0.966064,-0.1604,-0.40458,0.51145,-0.244275
50.0,5474.0,49.9467,1.032,0.192,2.044,-0.0483398,0.969727,-0.155273,-0.473282,0.465649,-0.259542
50.0,5669.0,50.3682,0.944,0.16,2.044,-0.0314941,0.977539,-0.142822,-0.435115,0.48855,-0.282443
50.0,5355.0,49.9426,1.048,0.232,2.044,-0.0432129,0.963867,-0.148438,-0.442748,0.473282,-0.267176
50.0,5969.0,50.3477,1.08,0.184,2.044,-0.052002,0.963135,-0.143066,-0.465649,0.473282,-0.282443
50.0,5091.0,49.9221,1.032,0.232,2.044,-0.0507812,0.954102,-0.151367,-0.465649,0.473282,-0.259542
50.0,5321.0,49.9508,1.056,0.208,2.044,-0.043457,0.962402,-0.14624,-0.458015,0.480916,-0.267176
51.0,5570.0,49.9344,0.88,0.192,2.044,-0.0498047,0.958984,-0.150146,-0.465649,0.51145,-0.229008
50.0,5603.0,49.9426,1.032,0.192,2.044,-0.050293,0.9646,-0.1521,-0.458015,0.480916,-0.259542
50.0,5922.0,49.959,1.04,0.208,2.044,-0.0444336,0.970947,-0.156982,-0.458015,0.503817,-0.221374
50.0,5525.0,49.9262,0.992,0.216,2.044,-0.0500488,0.960938,-0.146484,-0.450382,0.496183,-0.274809
50.0,5909.0,49.9262,0.944,0.2,2.044,-0.0458984,0.970947,-0.150635,-0.458015,0.480916,-0.259542
50.0,4324.0,49.9467,1.024,0.184,2.044,-0.0595703,0.962402,-0.15918,-0.458015,0.480916,-0.244275
50.0,5772.0,49.9303,1.08,0.184,2.044,-0.0388184,0.965576,-0.156982,-0.450382,0.48855,-0.259542
50.0,5127.0,49.9508,1.024,0.232,2.044,-0.0478516,0.963379,-0.141113,-0.442748,0.473282,-0.274809
50.0,6607.0,49.9467,1.152,0.232,2.044,-0.0456543,0.967041,-0.155029,-0.465649,0.473282,-0.244275
50.0,5643.0,49.9303,0.968,0.192,2.044,-0.0427246,0.963379,-0.149414,-0.450382,0.480916,-0.267176
50.0,4564.0,49.9385,1.08,0.28,2.044,-0.045166,0.966064,-0.156494,-0.480916,0.473282,-0.282443
50.0,5837.0,50.3518,1.032,0.2,2.044,-0.0529785,0.967773,-0.153564,-0.465649,0.496183,-0.251908
52.0,3323.0,49.959,1.04,0.216,2.044,-0.0524902,0.983398,-0.144287,-0.458015,0.496183,-0.251908
50.0,11189.0,50.3395,1.04,0.136,2.044,-0.0532227,0.961914,-0.141846,-0.435115,0.480916,-0.267176
51.0,5527.0,49.9139,1.04,0.16,2.044,-0.048584,0.959229,-0.159912,-0.465649,0.496183,-0.259542
50.0,5605.0,49.9549,1.04,0.232,2.044,-0.0463867,0.969482,-0.149414,-0.435115,0.458015,-0.267176
51.0,5568.0,49.9262,1.024,0.2,2.044,-0.0527344,0.953125,-0.150391,-0.450382,0.480916,-0.251908
51.0,5656.0,49.9385,1.032,0.216,2.024,-0.0505371,0.963135,-0.154297,-0.435115,0.48855,-0.244275
50.0,5612.0,49.959,1.04,0.192,2.044,-0.0546875,0.964355,-0.158203,-0.450382,0.48855,-0.259542
50.0,5456.0,49.9508,1.128,0.256,1.992,-0.045166,0.966309,-0.14502,-0.442748,0.480916,-0.259542
51.0,5962.0,49.9303,1.04,0.192,2.044,-0.0610352,0.967285,-0.155518,-0.465649,0.48855,-0.274809
50.0,4707.0,49.9671,1.032,0.288,2.044,-0.0568848,0.963867,-0.149414,-0.458015,0.48855,-0.267176
50.0,5805.0,49.9262,1.048,0.216,2.044,-0.0532227,0.966064,-0.149658,-0.480916,0.480916,-0.267176
50.0,5603.0,49.9549,1.064,0.208,2.044,-0.0490723,0.979248,-0.143311,-0.427481,0.519084,-0.244275
49.0,6294.0,49.9426,1.0,0.24,2.044,-0.0488281,0.967529,-0.148682,-0.458015,0.473282,-0.244275
50.0,6437.0,49.9099,1.056,0.24,2.044,-0.0522461,0.960205,-0.14209,-0.465649,0.48855,-0.282443
50.0,5122.0,49.9262,1.04,0.256,2.044,-0.0456543,0.960693,-0.161133,-0.458015,0.458015,-0.259542
50.0,5495.0,49.9508,1.016,0.112,2.044,-0.0517578,0.967285,-0.157959,-0.480916,0.48855,-0.251908
50.0,5340.0,49.9467,1.016,0.208,2.044,-0.0495605,0.963623,-0.17041,-0.465649,0.503817,-0.259542
50.0,5069.0,49.9508,1.024,0.344,2.044,-0.0524902,0.964111,-0.152344,-0.473282,0.48855,-0.29771
50.0,5725.0,49.9017,1.032,0.272,2.044,-0.0407715,0.964355,-0.148926,-0.465649,0.48855,-0.259542
50.0,5231.0,49.9344,1.04,0.16,2.044,-0.0478516,0.965332,-0.146484,-0.465649,0.519084,-0.259542
50.0,5219.0,49.9467,1.032,0.208,2.044,-0.0444336,0.9646,-0.160889,-0.442748,0.465649,-0.274809
50.0,5256.0,49.9508,1.04,0.168,2.044,-0.0480957,0.9729,-0.149658,-0.458015,0.496183,-0.259542
50.0,4622.0,50.3722,1.024,0.208,2.044,-0.0473633,0.962891,-0.150146,-0.458015,0.519084,-0.274809
50.0,5404.0,49.9303,1.072,0.192,2.008,-0.0512695,0.970215,-0.15918,-0.458015,0.473282,-0.267176
50.0,4717.0,49.9262,1.032,0.24,2.044,-0.0480957,0.962158,-0.14917,-0.412214,0.51145,-0.251908
50.0,5330.0,49.9508,1.072,0.216,2.044,-0.052002,0.963867,-0.14917,-0.450382,0.51145,-0.274809
50.0,4302.0,49.9631,1.024,0.2,1.984,-0.050293,0.963379,-0.155518,-0.458015,0.480916,-0.274809
50.0,5479.0,50.3804,0.968,0.232,2.044,-0.0517578,0.963623,-0.152344,-0.442748,0.473282,-0.267176
50.0,4936.0,50.3191,1.024,0.176,2.044,-0.0458984,0.96167,-0.147461,-0.450382,0.48855,-0.267176
50.0,5072.0,49.9303,1.08,0.224,1.944,-0.032959,0.983398,-0.165039,-0.450382,0.480916,-0.282443
50.0,5208.0,49.9303,0.912,0.216,2.044,-0.0507812,0.965332,-0.1521,-0.458015,0.473282,-0.251908
50.0,5735.0,49.9712,1.12,0.184,2.044,-0.0473633,0.967285,-0.160889,-0.458015,0.48855,-0.290076
51.0,4962.0,49.9753,1.048,0.2,2.044,-0.0466309,0.964111,-0.146484,-0.465649,0.480916,-0.274809
50.0,5178.0,49.9549,1.072,0.224,2.044,-0.0495605,0.967529,-0.147217,-0.435115,0.465649,-0.267176
50.0,4809.0,50.3436,0.96,0.216,2.044,-0.0524902,0.961914,-0.143799,-0.465649,0.48855,-0.282443
50.0,4871.0,50.3559,1.024,0.184,2.044,-0.0495605,0.958984,-0.149658,-0.465649,0.473282,-0.282443
50.0,5101.0,49.9426,0.984,0.168,2.044,-0.0483398,0.95874,-0.147705,-0.450382,0.473282,-0.259542
50.0,7010.0,50.3559,1.048,0.2,2.044,-0.0463867,0.980225,-0.154785,-0.465649,0.465649,-0.267176
50.0,4942.0,49.9262,0.976,0.232,2.044,-0.0493164,0.960205,-0.148193,-0.442748,0.465649,-0.267176
50.0,6206.0,50.3395,1.072,0.224,2.044,-0.0427246,0.97998,-0.146729,-0.427481,0.473282,-0.259542
50.0,7213.0,49.9426,1.024,0.184,2.044,-0.0483398,0.963623,-0.150879,-0.458015,0.480916,-0.251908
49.0,4495.0,50.3722,1.088,0.184,2.044,-0.0493164,0.964355,-0.151123,-0.458015,0.480916,-0.251908
50.0,5678.0,50.3804,1.032,0.104,2.044,-0.0478516,0.96167,-0.155029,-0.450382,0.480916,-0.274809
50.0,4923.0,50.3477,1.04,0.264,2.044,-0.0341797,0.959229,-0.148926,-0.473282,0.480916,-0.267176
50.0,4693.0,50.3845,1.032,0.216,2.044,-0.0454102,0.95752,-0.154053,-0.465649,0.473282,-0.244275
50.0,6629.0,49.9631,1.04,0.24,2.044,-0.0322266,0.967529,-0.151611,-0.458015,0.480916,-0.259542
50.0,5349.0,49.918,1.016,0.216,2.044,-0.0495605,0.970703,-0.148682,-0.450382,0.496183,-0.274809
50.0,5084.0,49.9385,1.048,0.144,2.044,-0.0583496,0.963867,-0.162842,-0.450382,0.51145,-0.282443
50.0,5307.0,49.918,1.048,0.216,2.044,-0.0527344,0.965576,-0.143799,-0.458015,0.48855,-0.267176
51.0,4968.0,49.959,1.096,0.2,2.044,-0.0424805,0.963379,-0.152588,-0.465649,0.496183,-0.274809
50.0,5293.0,49.9835,1.048,0.208,2.044,-0.0559082,0.959961,-0.1521,-0.450382,0.480916,-0.244275
50.0,5126.0,49.9221,1.04,0.232,2.044,-0.0361328,0.960449,-0.148438,-0.473282,0.496183,-0.267176
50.0,5054.0,49.959,1.024,0.248,2.044,-0.0473633,0.966064,-0.152344,-0.458015,0.51145,-0.244275
50.0,4934.0,49.9508,1.056,0.176,2.044,-0.0498047,0.969482,-0.155029,-0.465649,0.51145,-0.267176
50.0,5514.0,50.3109,1.048,0.2,2.044,-0.0327148,0.969238,-0.145752,-0.465649,0.503817,-0.236641
50.0,5711.0,50.3641,1.056,0.2,2.044,-0.0471191,0.965332,-0.153076,-0.458015,0.473282,-0.259542
50.0,5478.0,49.9794,1.024,0.184,2.044,-0.0493164,0.955078,-0.148682,-0.419847,0.48855,-0.251908
50.0,5642.0,50.36,1.024,0.256,2.008,-0.0432129,0.963135,-0.157227,-0.450382,0.473282,-0.267176
50.0,5352.0,49.9344,1.032,0.2,2.044,-0.0471191,0.966064,-0.153564,-0.473282,0.480916,-0.259542
50.0,4996.0,49.9262,1.056,0.2,2.044,-0.041748,0.960938,-0.139648,-0.442748,0.496183,-0.282443
50.0,5608.0,49.8035,1.048,0.32,2.044,-0.0437012,0.966064,-0.155273,-0.450382,0.48855,-0.259542
50.0,5751.0,50.3191,1.024,0.192,2.044,-0.046875,0.965576,-0.149658,-0.458015,0.473282,-0.259542
50.0,5655.0,50.3641,1.056,0.2,2.044,-0.048584,0.9646,-0.151123,-0.465649,0.51145,-0.282443
178.0,4897.0,50.36,1.04,0.208,2.044,-0.0500488,0.964111,-0.160645,-0.465649,0.480916,-0.244275
50.0,5345.0,50.3518,1.056,0.184,2.044,-0.0500488,0.968506,-0.154053,-0.465649,0.48855,-0.282443
51.0,5035.0,49.9303,1.056,0.216,2.044,-0.0476074,0.963135,-0.149414,-0.458015,0.480916,-0.251908
51.0,4988.0,50.2945,1.08,0.2,2.044,-0.0534668,0.959473,-0.148438,-0.450382,0.496183,-0.251908
51.0,4990.0,50.405,1.024,0.32,2.044,-0.0439453,0.963867,-0.155762,-0.450382,0.503817,-0.251908
50.0,5068.0,50.3682,1.056,0.216,2.044,-0.0510254,0.959473,-0.153564,-0.458015,0.480916,-0.282443
50.0,5266.0,49.9262,0.976,0.224,2.044,-0.0322266,0.965088,-0.156006,-0.503817,0.503817,-0.274809
50.0,5347.0,50.3518,1.032,0.232,2.044,-0.0424805,0.959473,-0.144775,-0.458015,0.48855,-0.267176
50.0,5356.0,49.9344,0.968,0.216,2.044,-0.0539551,0.962402,-0.128662,-0.458015,0.496183,-0.259542
51.0,5982.0,49.9426,1.032,0.216,2.008,-0.0354004,0.963379,-0.147217,-0.458015,0.51145,-0.267176
50.0,5958.0,49.9139,1.016,0.16,2.044,-0.0488281,0.966309,-0.151123,-0.465649,0.465649,-0.274809
50.0,5571.0,49.9426,1.024,0.208,2.044,-0.0493164,0.963623,-0.143311,-0.450382,0.48855,-0.274809
51.0,5316.0,50.3231,1.096,0.192,2.044,-0.0432129,0.969238,-0.155273,-0.458015,0.480916,-0.251908
50.0,5363.0,49.9221,1.04,0.2,2.044,-0.0512695,0.961182,-0.15625,-0.465649,0.48855,-0.259542
50.0,5507.0,49.9467,1.024,0.184,2.044,-0.0471191,0.965332,-0.156006,-0.450382,0.473282,-0.251908
50.0,6867.0,49.9344,1.024,0.184,2.044,-0.0327148,0.965088,-0.150391,-0.473282,0.465649,-0.251908
51.0,5723.0,49.9344,1.04,0.12,2.044,-0.0493164,0.964355,-0.150391,-0.458015,0.480916,-0.259542
50.0,4479.0,49.9262,1.048,0.064,2.044,-0.0495605,0.95874,-0.151367,-0.465649,0.473282,-0.267176
51.0,4024.0,49.9303,1.024,0.208,2.044,-0.0517578,0.963135,-0.155273,-0.427481,0.465649,-0.282443
51.0,5001.0,49.9058,1.056,0.2,2.044,-0.0490723,0.959473,-0.14502,-0.465649,0.465649,-0.251908
51.0,5513.0,49.9262,1.024,0.232,2.044,-0.046875,0.965332,-0.153076,-0.450382,0.480916,-0.259542
50.0,4727.0,49.9139,1.04,0.192,2.044,-0.0620117,0.962646,-0.170166,-0.465649,0.48855,-0.282443
50.0,5431.0,49.9426,1.056,0.248,2.044,-0.046875,0.968994,-0.156006,-0.458015,0.480916,-0.282443
50.0,5490.0,49.918,1.056,0.208,2.044,-0.0600586,0.969971,-0.146484,-0.450382,0.503817,-0.274809
50.0,5885.0,50.3477,0.992,0.232,2.044,-0.052002,0.964844,-0.149658,-0.458015,0.503817,-0.267176
50.0,6448.0,49.9671,1.008,0.208,2.044,-0.050293,0.982666,-0.151855,-0.419847,0.480916,-0.259542
50.0,5391.0,49.9467,1.056,0.216,2.044,-0.0529785,0.963379,-0.148926,-0.473282,0.480916,-0.259542
51.0,3834.0,49.9099,1.024,0.152,2.044,-0.0512695,0.959229,-0.143311,-0.442748,0.503817,-0.267176
50.0,3742.0,50.27,0.984,0.208,2.044,-0.043457,0.967285,-0.140625,-0.442748,0.480916,-0.274809
50.0,4703.0,50.2495,1.056,0.232,2.044,-0.0463867,0.958252,-0.169678,-0.450382,0.465649,-0.267176
51.0,7352.0,49.959,1.024,0.256,2.044,-0.0493164,0.9729,-0.150635,-0.450382,0.48855,-0.29771
50.0,4843.0,50.3722,1.024,0.216,2.044,-0.0483398,0.966064,-0.155029,-0.473282,0.480916,-0.267176
50.0,4496.0,50.36,1.056,0.216,2.044,-0.0334473,0.959473,-0.141846,-0.450382,0.519084,-0.267176
50.0,5156.0,49.9467,1.096,0.248,2.044,-0.0483398,0.966309,-0.148193,-0.458015,0.496183,-0.274809
50.0,5705.0,49.9303,1.008,0.216,2.044,-0.0498047,0.965576,-0.144043,-0.458015,0.496183,-0.282443
50.0,5622.0,50.3395,1.024,0.2,2.044,-0.0319824,0.954346,-0.154785,-0.503817,0.473282,-0.259542
50.0,5564.0,49.918,1.056,0.224,2.044,-0.0532227,0.959229,-0.147705,-0.450382,0.473282,-0.259542
50.0,5757.0,50.3354,1.056,0.176,2.044,-0.0620117,0.960205,-0.142578,-0.442748,0.496183,-0.244275
50.0,4980.0,50.315,1.024,0.28,2.044,-0.0527344,0.966553,-0.150879,-0.442748,0.503817,-0.282443
50.0,4827.0,49.9508,1.104,0.232,2.044,-0.0529785,0.959961,-0.151367,-0.473282,0.480916,-0.267176
50.0,4560.0,49.959,0.96,0.232,2.044,-0.0473633,0.966797,-0.14624,-0.450382,0.503817,-0.282443
50.0,5235.0,50.3641,1.016,0.216,2.044,-0.0317383,0.964111,-0.153076,-0.450382,0.496183,-0.267176
50.0,5700.0,50.3354,1.048,0.192,2.044,-0.0505371,0.962402,-0.149658,-0.450382,0.465649,-0.274809
50.0,8879.0,49.9303,1.048,0.192,2.044,-0.0493164,0.969238,-0.157227,-0.465649,0.480916,-0.259542
50.0,3612.0,50.3927,1.032,0.224,2.044,-0.0449219,0.9646,-0.143799,-0.442748,0.465649,-0.251908
50.0,5695.0,50.3068,1.04,0.192,2.044,-0.0495605,0.963135,-0.147949,-0.450382,0.465649,-0.244275
51.0,3262.0,50.315,1.04,0.208,2.008,-0.0429688,0.963867,-0.157227,-0.442748,0.48855,-0.259542
50.0,3748.0,50.3477,1.04,0.192,2.044,-0.0397949,0.962158,-0.14502,-0.458015,0.496183,-0.251908
50.0,4838.0,50.3477,1.08,0.232,2.044,-0.0424805,0.958984,-0.151855,-0.435115,0.480916,-0.259542
50.0,4638.0,50.3641,1.04,0.264,2.044,-0.0500488,0.969238,-0.153809,-0.450382,0.496183,-0.267176
50.0,4632.0,49.9344,1.056,0.344,2.044,-0.0471191,0.967285,-0.144531,-0.450382,0.473282,-0.274809
50.0,6109.0,50.3641,1.08,0.192,2.044,-0.0366211,0.964111,-0.150635,-0.465649,0.48855,-0.259542
51.0,5612.0,49.9385,1.032,0.248,2.044,-0.0441895,0.963623,-0.148682,-0.419847,0.480916,-0.251908
50.0,7157.0,49.9426,1.024,0.232,2.032,-0.045166,0.955078,-0.141846,-0.442748,0.480916,-0.267176
50.0,5178.0,49.959,1.12,0.2,2.044,-0.0612793,0.968262,-0.147461,-0.465649,0.48855,-0.251908
50.0,6614.0,49.9508,0.96,0.224,2.044,-0.0493164,0.981689,-0.142578,-0.473282,0.48855,-0.259542
50.0,6426.0,50.3559,1.016,0.208,2.044,-0.0322266,0.963379,-0.153564,-0.480916,0.48855,-0.244275
50.0,5565.0,49.9017,1.024,0.216,2.044,-0.0471191,0.967285,-0.151611,-0.450382,0.496183,-0.251908
50.0,5600.0,50.3641,1.0,0.192,2.044,-0.0483398,0.960938,-0.155029,-0.442748,0.48855,-0.267176
50.0,5291.0,49.9794,1.024,0.184,2.044,-0.0617676,0.963623,-0.167969,-0.480916,0.480916,-0.274809
50.0,5283.0,49.9467,1.008,0.24,2.044,-0.0476074,0.968262,-0.154297,-0.465649,0.503817,-0.259542
52.0,3375.0,49.9508,1.144,0.184,2.044,-0.0341797,0.958496,-0.145996,-0.435115,0.473282,-0.267176
51.0,5968.0,49.918,1.048,0.12,2.044,-0.0515137,0.9729,-0.145264,-0.442748,0.480916,-0.274809
50.0,17994.0,49.9508,1.04,0.264,2.044,-0.0439453,0.961426,-0.152588,-0.427481,0.503817,-0.259542
51.0,19511.0,49.9344,1.048,0.288,2.044,-0.0327148,0.964844,-0.149902,-0.450382,0.480916,-0.267176
50.0,5106.0,49.9426,0.88,0.248,2.044,-0.0532227,0.965332,-0.146484,-0.442748,0.465649,-0.282443
50.0,4088.0,49.9426,1.008,0.112,2.044,-0.050293,0.963135,-0.1521,-0.458015,0.473282,-0.259542
50.0,4658.0,50.3272,1.048,0.208,2.044,-0.0390625,0.963867,-0.146729,-0.458015,0.480916,-0.259542
50.0,4124.0,49.959,1.064,0.296,2.044,-0.0595703,0.961914,-0.149658,-0.465649,0.496183,-0.267176
50.0,5014.0,49.9139,1.048,0.232,2.044,-0.0466309,0.981689,-0.147461,-0.442748,0.473282,-0.267176
51.0,4236.0,49.959,1.04,0.152,2.044,-0.0495605,0.959961,-0.155029,-0.435115,0.480916,-0.267176
50.0,5259.0,49.9262,1.04,0.168,2.044,-0.0483398,0.963135,-0.146729,-0.465649,0.473282,-0.282443
50.0,5350.0,50.36,1.04,0.16,2.044,-0.0498047,0.953857,-0.149902,-0.473282,0.480916,-0.259542
51.0,5203.0,50.3804,1.056,0.24,2.008,-0.0466309,0.958008,-0.149902,-0.465649,0.473282,-0.290076
50.0,5554.0,49.9631,1.032,0.216,2.044,-0.0480957,0.9646,-0.157227,-0.435115,0.480916,-0.267176
50.0,6211.0,49.9017,1.144,0.256,2.044,-0.048584,0.969482,-0.145264,-0.450382,0.465649,-0.244275
50.0,4964.0,49.9303,1.08,0.208,2.044,-0.0476074,0.960938,-0.167725,-0.473282,0.480916,-0.259542
50.0,4908.0,50.3272,1.056,0.216,2.044,-0.0332031,0.962891,-0.147461,-0.450382,0.473282,-0.251908
50.0,5906.0,50.3436,1.024,0.256,2.044,-0.0478516,0.960938,-0.15918,-0.435115,0.503817,-0.282443
50.0,4734.0,49.9262,1.04,0.248,2.044,-0.0358887,0.964844,-0.148682,-0.427481,0.496183,-0.274809
50.0,5276.0,50.2863,1.032,0.192,2.044,-0.0317383,0.967041,-0.154053,-0.458015,0.465649,-0.259542
50.0,5213.0,49.9344,1.144,0.208,2.044,-0.0424805,0.968018,-0.151367,-0.465649,0.496183,-0.282443
49.0,5484.0,50.3436,1.056,0.216,2.044,-0.0314941,0.968018,-0.142822,-0.442748,0.480916,-0.274809
50.0,5158.0,50.3477,0.992,0.224,2.044,-0.0515137,0.965088,-0.14502,-0.465649,0.503817,-0.267176
49.0,6482.0,50.3436,1.08,0.248,2.044,-0.050293,0.961426,-0.150635,-0.450382,0.48855,-0.259542
50.0,5193.0,50.315,1.056,0.224,2.044,-0.0532227,0.968506,-0.149658,-0.473282,0.473282,-0.267176
50.0,5154.0,50.3231,1.024,0.28,2.044,-0.0551758,0.968262,-0.149414,-0.458015,0.465649,-0.267176
51.0,5636.0,49.8935,1.016,0.2,2.044,-0.0544434,0.959961,-0.143066,-0.442748,0.496183,-0.251908
50.0,6688.0,50.3682,1.08,0.192,2.044,-0.0483398,0.964111,-0.155273,-0.427481,0.480916,-0.274809
50.0,5473.0,49.9221,1.016,0.24,2.044,-0.0556641,0.962402,-0.152344,-0.480916,0.465649,-0.244275
51.0,5588.0,49.9508,1.072,0.232,2.044,-0.0480957,0.964844,-0.140869,-0.458015,0.48855,-0.251908
50.0,4645.0,50.3845,1.04,0.16,2.044,-0.0493164,0.964844,-0.147461,-0.473282,0.480916,-0.251908
50.0,5131.0,50.3682,1.048,0.2,2.044,-0.0446777,0.96582,-0.149902,-0.396947,0.48855,-0.251908
50.0,5792.0,50.3641,1.024,0.192,2.044,-0.0500488,0.961914,-0.150146,-0.450382,0.496183,-0.251908
50.0,6278.0,50.3927,1.128,0.208,2.044,-0.0495605,0.963623,-0.148193,-0.458015,0.480916,-0.267176
51.0,4700.0,50.3682,0.952,0.232,2.044,-0.0476074,0.962402,-0.148682,-0.473282,0.48855,-0.267176
51.0,5057.0,50.3682,1.008,0.216,2.044,-0.0456543,0.967529,-0.148926,-0.458015,0.48855,-0.259542
50.0,5562.0,50.3722,1.024,0.184,1.984,-0.0505371,0.963867,-0.154785,-0.458015,0.473282,-0.244275
50.0,5633.0,49.959,1.072,0.224,2.044,-0.0471191,0.966553,-0.156006,-0.442748,0.526718,-0.259542
50.0,5512.0,49.959,1.072,0.2,2.044,-0.0458984,0.971924,-0.151611,-0.465649,0.503817,-0.274809
50.0,4448.0,49.8976,1.048,0.16,2.044,-0.0454102,0.964111,-0.146973,-0.450382,0.48855,-0.259542
50.0,4844.0,49.9508,1.024,0.2,2.044,-0.0541992,0.966309,-0.154297,-0.435115,0.48855,-0.267176
50.0,5718.0,49.9671,1.04,0.2,2.044,-0.0456543,0.965332,-0.152832,-0.465649,0.496183,-0.274809
50.0,6838.0,49.9508,1.072,0.192,2.044,-0.045166,0.963867,-0.150635,-0.465649,0.48855,-0.259542
50.0,5350.0,49.9426,1.024,0.216,2.04,-0.048584,0.963135,-0.145752,-0.458015,0.48855,-0.259542
50.0,5785.0,49.9549,1.016,0.224,2.044,-0.0495605,0.964844,-0.160889,-0.473282,0.480916,-0.259542
50.0,4990.0,49.9303,1.024,0.192,2.044,-0.0458984,0.965576,-0.152832,-0.465649,0.480916,-0.251908
50.0,6741.0,49.9221,1.024,0.208,2.044,-0.0537109,0.967529,-0.145752,-0.473282,0.480916,-0.274809
50.0,6615.0,49.9344,1.064,0.216,2.044,-0.0507812,0.957275,-0.155518,-0.480916,0.496183,-0.267176
51.0,5174.0,49.9221,1.128,0.232,2.044,-0.0546875,0.96582,-0.144775,-0.458015,0.465649,-0.244275
50.0,5088.0,49.9303,1.064,0.192,2.044,-0.0615234,0.962891,-0.145996,-0.473282,0.48855,-0.267176
50.0,4686.0,49.9017,1.032,0.216,2.044,-0.052002,0.966064,-0.145996,-0.465649,0.480916,-0.251908
