proximity_to_water_m,water_contact_hrs_per_day,irrigation_type,soil_moisture_pct,temperature_c,rainfall_mm,snail_habitat_index,sanitation_score,age_group,ppe_usage,schisto_risk
332,0.9,2,32.0,22.9,220.9,0.68,8,0,1,0
20,0.7,0,50.4,18.6,59.7,0.65,8,1,0,1
306,2.2,0,70.7,21.5,126.8,0.28,3,1,0,0
199,0.8,1,58.3,35.8,218.9,0.54,6,0,1,0
300,1.5,0,13.7,23.0,86.8,0.08,3,0,1,0
237,5.1,1,23.0,25.8,201.1,0.7,10,2,0,1
278,5.8,0,47.0,23.9,277.6,0.69,3,2,1,1
122,6.6,1,42.1,19.5,273.9,0.57,5,0,1,1
457,7.3,1,21.4,21.1,223.5,0.54,9,1,1,0
117,8.0,0,50.8,20.0,14.1,0.11,10,0,1,0
202,3.1,1,52.3,39.4,258.2,0.01,1,2,1,1
62,2.3,0,46.3,39.0,262.8,0.26,8,0,0,1
435,5.1,2,25.9,26.2,48.5,0.95,8,0,1,1
14,0.9,1,80.3,36.3,92.3,0.06,9,0,0,1
422,0.6,2,71.3,20.8,142.6,0.55,4,2,1,0
480,4.3,2,65.2,33.7,119.7,0.67,5,1,1,0
131,1.8,1,11.7,30.2,176.5,0.01,10,0,0,0
468,0.3,1,15.7,23.2,200.7,0.21,2,2,1,0
406,3.8,1,25.2,20.1,129.3,0.42,7,2,0,0
36,3.2,1,74.0,20.4,57.5,0.54,2,1,0,1
241,2.0,0,45.5,36.9,165.1,0.05,8,0,0,0
90,3.3,1,27.1,26.8,17.6,0.38,6,1,1,1
221,5.6,2,89.6,30.2,215.5,0.15,4,0,0,1
387,2.5,0,56.7,29.1,255.8,0.16,8,0,0,0
309,0.5,0,42.3,38.7,170.9,0.58,0,2,0,0
341,4.7,2,35.3,23.7,200.9,0.31,4,1,0,1
239,2.5,0,10.7,31.7,168.9,0.1,8,0,1,0
482,2.8,0,80.3,26.1,47.3,0.83,4,2,0,1
482,5.3,0,31.2,37.6,222.7,0.16,4,2,0,1
109,5.5,1,50.4,23.5,272.4,0.05,10,1,1,0
6,2.7,0,61.0,23.8,222.4,0.55,6,2,0,1
43,7.6,2,82.3,30.0,250.4,0.58,2,1,0,1
162,2.9,0,81.9,22.6,74.9,0.1,8,1,0,0
447,1.3,0,80.5,18.5,221.0,0.33,6,2,0,0
86,6.3,0,40.6,18.9,141.2,0.2,7,1,1,0
119,0.2,0,41.9,24.1,20.8,0.77,5,2,1,0
485,0.2,1,24.3,39.2,79.6,0.11,6,1,1,0
315,7.9,0,40.8,30.7,76.4,0.71,0,2,0,1
225,0.6,2,83.7,31.7,199.0,0.12,4,2,1,0
172,3.2,1,54.4,22.2,199.5,0.38,2,2,1,1
285,6.7,1,33.0,27.5,174.0,0.65,7,1,1,1
266,3.8,2,23.6,19.9,154.6,0.63,5,0,0,1
120,6.5,0,12.0,23.4,142.5,0.85,1,1,1,1
372,5.6,1,42.0,21.2,206.3,0.89,1,1,0,1
416,7.7,2,47.2,30.3,275.2,0.12,2,1,1,0
318,6.5,2,44.1,38.0,133.8,0.16,7,1,1,0
435,5.1,2,48.8,23.3,132.0,0.71,3,1,1,1
462,4.3,0,22.1,26.4,45.8,0.21,6,1,1,0
217,0.5,1,41.2,34.9,283.8,0.02,9,1,1,0
487,2.8,1,78.3,39.0,125.7,0.75,8,2,0,1
117,2.2,1,12.3,25.4,203.7,0.4,2,1,0,1
469,3.2,2,63.0,19.8,128.6,0.87,2,0,1,1
172,1.7,1,37.0,37.4,83.5,0.95,6,1,0,1
14,6.0,0,90.0,25.7,195.0,0.78,10,0,0,1
107,6.7,2,22.2,20.8,200.8,0.56,3,1,1,0
90,4.8,2,67.5,35.1,49.1,0.31,9,0,1,1
208,7.5,0,16.1,33.2,188.2,0.1,4,2,0,0
182,4.3,2,39.6,29.1,102.4,0.85,7,0,1,1
330,7.1,1,66.6,27.6,220.1,0.97,4,2,1,1
228,6.6,2,31.5,36.7,249.2,0.09,7,0,1,0
177,0.2,1,24.5,22.7,239.3,0.34,9,2,1,0
269,7.6,0,29.3,26.9,166.6,0.24,7,2,1,0
410,0.1,1,27.7,33.2,91.9,0.58,7,2,1,0
386,4.4,1,66.2,24.0,75.4,0.12,3,1,0,1
103,1.7,1,32.1,31.0,228.1,0.6,1,0,1,0
189,1.4,0,66.6,20.8,13.7,0.05,4,2,0,0
57,7.0,2,32.7,28.5,102.2,0.97,4,1,0,1
210,3.9,2,60.4,19.2,44.8,0.56,4,0,0,1
290,6.1,2,57.7,31.6,232.7,0.38,7,1,1,0
296,5.0,2,86.8,20.2,228.8,0.63,4,2,0,1
127,1.4,0,22.5,27.0,206.8,0.47,0,0,1,0
364,6.9,0,65.0,38.3,236.3,0.63,10,0,1,1
283,1.8,0,82.7,36.2,21.4,0.17,4,2,1,0
68,3.7,1,66.0,38.7,150.1,0.49,1,2,0,1
381,2.6,1,12.1,23.0,202.3,0.86,9,0,1,1
395,6.1,1,51.5,27.7,83.4,1.0,6,2,1,1
245,2.8,1,35.7,20.3,48.2,0.41,7,1,1,0
237,0.7,1,35.9,39.3,121.3,0.51,0,2,1,0
32,1.5,1,59.8,29.0,132.6,0.05,4,2,0,1
229,7.0,1,19.7,39.4,182.7,0.24,2,1,0,1
52,1.8,0,46.9,20.6,249.6,0.5,4,2,1,0
432,3.9,1,29.5,30.1,115.1,0.92,8,2,0,1
146,6.2,1,37.2,35.3,80.2,0.0,4,2,1,0
233,4.3,1,36.6,34.8,113.2,0.93,3,2,0,1
124,6.8,1,13.5,34.4,211.6,0.81,6,2,0,1
498,0.3,2,87.2,25.3,30.1,0.85,1,2,1,0
374,1.2,2,87.6,19.6,234.5,0.27,9,2,1,0
441,2.6,2,78.7,26.4,95.0,0.72,7,2,0,1
125,5.0,1,89.8,34.4,130.2,0.1,10,2,0,1
90,5.6,0,13.7,35.5,88.0,0.37,2,0,1,1
92,1.4,2,79.7,31.6,72.2,0.91,2,0,1,1
240,2.0,0,81.9,28.2,86.3,0.55,1,1,1,0
332,7.7,2,30.0,36.6,59.8,0.38,7,0,0,1
297,2.9,1,89.4,24.5,293.4,0.66,4,0,0,1
431,7.2,1,72.1,23.1,240.6,0.22,3,2,1,0
326,0.8,2,61.7,24.8,132.2,0.58,2,0,1,0
387,3.3,0,20.6,29.9,291.4,0.53,4,0,1,1
500,6.5,2,79.6,35.7,140.5,0.08,3,2,1,0
51,6.3,0,31.2,20.7,110.6,0.75,4,2,1,1
60,5.4,1,12.0,37.5,168.4,0.92,3,2,0,1
470,5.6,2,42.7,21.1,283.9,0.3,7,0,0,0
459,4.3,1,46.3,32.8,222.9,0.95,6,2,0,1
340,0.8,1,59.3,38.7,83.9,0.69,3,1,1,0
442,2.9,2,39.4,37.8,193.4,0.06,4,0,0,1
51,5.3,2,61.2,39.4,15.2,0.33,2,2,0,1
429,6.1,0,56.9,35.9,69.9,0.77,9,0,1,1
71,4.3,0,18.8,37.1,39.5,0.36,3,2,1,1
94,2.1,0,69.3,29.6,223.7,0.48,5,2,0,1
262,1.8,2,13.5,35.2,260.1,0.52,7,2,0,0
250,6.8,1,64.9,28.8,272.9,0.07,1,1,0,1
69,2.2,2,56.8,33.7,114.3,0.6,4,1,1,1
411,5.6,2,62.1,34.9,216.3,0.22,7,0,1,0
428,3.6,1,68.4,24.9,93.8,0.25,2,2,1,0
51,6.7,0,44.6,34.4,111.8,0.13,0,2,1,1
215,2.8,2,85.3,27.3,274.8,0.05,4,2,1,0
58,4.6,0,22.4,28.6,254.2,0.35,8,1,0,1
298,1.8,1,77.6,39.4,245.5,0.61,10,2,0,1
19,1.4,2,71.0,38.3,105.3,0.18,2,2,1,0
77,5.9,0,17.3,29.7,112.9,0.45,2,1,1,1
402,7.5,2,16.8,19.2,47.2,0.62,10,0,1,1
343,3.4,2,45.4,24.0,226.5,0.11,6,0,1,0
274,5.3,0,27.6,39.7,16.4,0.2,3,0,1,1
172,1.0,1,69.8,21.9,114.1,0.7,8,2,1,0
208,6.9,0,44.9,28.1,23.4,0.31,6,2,1,0
153,0.9,0,87.3,21.8,284.3,0.46,5,0,1,0
129,3.5,1,51.9,26.7,93.1,0.34,5,0,0,1
276,4.1,1,38.1,39.1,193.6,0.15,1,0,1,1
93,4.8,2,16.0,38.9,188.4,0.46,9,2,1,1
447,7.8,1,22.1,19.5,132.7,0.3,4,2,0,1
264,0.6,1,46.2,19.3,249.5,0.08,1,2,1,0
302,4.4,2,81.7,27.9,242.9,0.65,5,2,1,0
495,0.5,0,74.9,36.4,294.7,0.08,10,0,0,0
367,3.5,1,51.9,31.4,109.2,0.92,6,1,1,1
409,5.0,1,15.3,20.1,203.5,0.28,10,2,0,1
46,4.7,0,83.3,24.8,196.8,0.66,2,2,0,1
291,3.0,1,75.1,32.7,248.7,0.74,10,2,0,1
265,2.9,1,34.7,38.9,102.5,0.77,3,0,0,1
44,2.4,0,50.6,29.9,221.6,0.53,10,1,0,1
83,1.3,2,71.7,35.8,49.7,0.44,6,1,0,0
317,2.3,2,72.7,23.1,71.8,0.97,7,0,1,1
241,6.2,1,50.2,27.2,48.6,0.2,9,0,1,0
333,3.8,1,54.4,20.3,253.8,0.85,4,0,0,1
235,7.2,0,76.5,20.0,273.2,0.82,5,0,1,1
207,4.0,0,40.9,19.8,67.4,0.32,1,2,1,0
75,0.3,1,65.7,21.1,211.7,0.45,0,0,0,1
115,6.7,2,85.2,31.4,127.0,0.78,3,1,0,1
127,3.4,2,46.6,20.4,271.5,0.6,0,2,0,0
154,3.4,2,38.2,30.6,56.2,0.67,8,1,0,1
204,7.0,0,60.9,39.6,76.1,0.02,1,1,0,0
400,4.7,1,20.7,25.8,101.6,0.64,10,1,1,1
420,1.1,2,72.1,28.1,88.0,0.04,3,0,1,0
268,3.2,2,47.9,18.8,194.1,0.29,0,2,1,0
68,6.4,1,81.2,34.4,268.4,0.39,2,1,1,1
478,6.4,1,74.1,34.0,23.7,0.6,2,2,1,1
57,0.6,2,33.7,27.8,215.3,0.17,7,1,1,0
377,7.0,1,59.2,27.6,191.8,0.79,0,0,1,1
267,6.4,2,22.8,18.7,254.6,0.68,7,0,0,1
125,6.2,1,39.0,38.9,9.7,0.15,7,1,1,0
395,0.6,0,52.4,26.8,194.9,0.25,1,0,0,0
270,3.1,2,19.4,35.0,211.2,0.21,9,1,1,0
67,1.1,0,46.2,37.8,133.5,0.09,10,1,1,0
286,4.3,1,78.1,33.7,278.2,0.64,5,2,0,1
107,6.3,0,73.2,18.6,166.2,0.37,8,0,0,0
163,3.2,2,67.5,29.6,230.7,0.82,1,0,1,1
235,3.7,2,37.6,37.3,234.1,0.64,2,0,1,1
430,1.0,0,34.3,21.6,280.4,0.23,8,1,0,0
105,5.1,2,32.0,31.8,184.3,0.09,10,0,0,0
342,5.0,2,37.0,38.3,12.4,0.86,1,0,1,1
397,4.6,2,61.1,29.0,188.1,0.29,4,1,0,1
157,3.6,2,14.8,27.7,145.3,0.2,9,0,1,0
380,7.9,1,88.0,20.9,111.2,0.56,5,0,1,0
141,3.6,0,17.7,24.4,115.2,0.62,3,0,1,1
102,6.1,1,89.7,28.3,263.7,0.5,1,1,1,0
115,4.7,0,14.0,28.9,264.7,0.65,7,1,0,1
225,1.1,1,68.2,34.8,109.8,0.4,9,2,0,0
288,2.3,1,50.3,34.8,83.9,0.99,10,2,0,1
54,3.2,1,54.6,26.0,43.3,0.6,6,2,0,1
24,1.1,1,74.3,29.4,44.7,0.89,2,1,1,1
206,7.9,2,77.4,31.1,152.2,0.51,7,2,1,0
422,0.1,1,63.9,39.6,175.1,0.8,10,0,1,1
500,5.2,2,56.2,33.9,175.1,0.17,10,2,1,0
425,5.4,0,55.8,33.4,57.2,0.44,6,0,1,0
215,4.0,2,83.6,37.2,220.8,0.06,2,2,0,1
344,3.8,1,35.1,21.8,273.6,0.34,5,2,1,0
103,7.7,1,54.6,22.9,291.9,0.3,4,2,0,1
167,3.8,2,84.7,35.5,82.0,0.12,10,2,1,0
424,2.8,0,33.2,24.3,214.2,0.35,7,2,1,0
114,1.6,2,31.7,30.4,81.5,0.11,9,0,0,0
347,7.2,0,61.0,19.2,124.0,0.72,1,2,0,1
498,4.4,0,42.6,38.6,263.5,0.48,3,1,1,0
335,0.5,0,62.2,23.1,221.6,0.85,0,0,1,0
483,7.4,1,73.0,22.1,224.7,0.87,4,0,0,1
295,4.8,1,32.8,39.8,163.0,0.49,2,2,1,1
103,6.5,1,23.0,28.1,77.2,0.19,5,1,0,0
317,6.8,1,76.2,29.3,26.0,0.67,2,0,1,1
484,2.0,1,40.7,27.8,80.1,0.33,9,2,0,0
339,2.9,0,15.0,20.6,92.0,0.41,8,2,1,0
332,7.3,1,39.4,22.9,287.2,0.48,7,2,1,0
364,4.4,1,70.6,35.6,247.7,0.76,10,2,0,1
275,5.6,0,83.4,20.5,248.6,0.9,3,2,0,1
172,6.8,1,19.3,22.5,174.9,0.09,8,1,0,1
72,4.1,1,55.1,30.3,201.8,0.31,0,1,1,1
386,1.7,0,13.6,25.6,19.1,0.99,1,1,0,1
214,1.4,0,71.3,39.5,193.8,0.42,6,1,1,0
46,5.5,2,80.0,20.9,258.1,0.12,8,1,0,1
432,0.0,0,88.3,28.2,215.7,0.42,6,0,0,0
182,1.2,0,85.0,34.0,33.9,0.81,6,2,0,0
110,0.5,2,12.7,31.2,211.0,0.05,0,1,1,0
281,1.7,0,21.2,39.9,70.2,0.92,9,1,1,0
159,7.0,2,51.7,27.1,82.5,0.56,9,2,0,0
289,4.0,1,85.3,32.8,235.7,0.32,6,1,0,1
197,1.5,2,47.9,36.7,90.2,0.71,7,0,1,0
290,4.2,1,29.4,22.5,194.0,0.92,5,0,0,1
142,3.0,2,58.2,37.2,56.4,0.76,10,2,0,1
111,7.0,1,34.3,38.0,63.5,0.19,1,2,1,0
361,4.8,0,41.7,23.3,96.5,0.28,7,2,1,0
138,2.9,1,47.3,35.7,216.7,0.76,5,0,1,1
216,0.4,0,69.3,18.4,166.0,0.58,6,1,0,0
173,1.8,2,76.7,29.0,196.4,0.68,4,1,1,0
91,5.9,1,23.5,33.8,146.5,0.92,8,2,0,1
434,6.8,2,13.9,18.1,41.2,0.63,1,2,0,1
116,4.0,1,14.8,32.0,280.2,0.91,10,1,0,1
277,4.4,0,11.3,33.9,160.7,0.29,8,2,1,0
59,7.3,2,21.9,22.2,157.9,0.82,4,1,0,1
496,3.2,2,29.5,33.3,90.0,0.83,1,2,0,1
212,3.0,2,48.1,32.0,210.9,0.08,6,2,1,0
463,4.2,0,28.4,37.8,207.7,0.57,4,0,0,1
465,4.3,2,12.6,38.4,94.3,0.96,9,0,1,1
158,1.3,0,55.3,36.7,203.1,0.54,6,2,0,0
261,6.0,1,14.3,27.6,251.6,0.34,9,2,1,0
20,5.1,1,49.2,25.8,282.3,0.43,10,2,1,1
400,4.9,0,67.0,19.8,46.3,0.71,10,0,1,1
189,0.9,0,85.4,27.8,228.4,0.1,1,0,1,0
290,4.4,1,18.3,20.0,166.3,0.6,5,1,0,1
216,3.1,0,68.0,30.3,297.8,0.24,8,0,1,0
76,2.2,1,49.4,19.4,130.4,0.42,7,0,1,1
488,2.0,2,49.7,31.6,137.4,0.14,0,1,1,0
416,6.9,1,36.8,35.9,257.9,0.97,2,1,1,1
250,2.5,1,87.5,24.4,208.5,0.49,9,0,1,1
148,6.5,1,39.2,38.5,59.9,1.0,2,2,0,1
487,5.7,1,73.8,36.3,20.7,0.85,6,2,1,1
329,2.4,1,62.7,33.7,236.7,0.07,9,1,1,0
283,0.3,1,66.1,35.9,178.1,0.91,1,0,1,1
336,4.9,2,88.7,32.9,119.9,0.75,6,0,0,1
137,1.8,2,51.5,30.8,172.6,0.45,6,1,0,0
17,3.9,1,43.3,39.2,34.8,0.94,2,1,1,1
238,6.3,2,48.6,28.5,131.4,0.7,5,0,1,1
419,5.7,0,77.9,32.3,203.1,0.16,3,2,0,0
174,4.5,1,28.5,26.9,55.3,0.64,6,1,0,1
235,4.7,1,10.4,22.7,83.5,0.7,1,2,0,1
192,2.6,1,19.1,32.8,146.8,0.97,5,2,1,1
305,0.9,1,77.6,31.6,244.1,0.71,4,2,0,1
165,0.9,1,19.4,26.2,42.4,0.39,9,0,1,0
100,3.9,2,65.5,32.2,300.0,0.55,7,1,0,0
166,6.7,2,14.3,25.9,2.9,0.14,6,2,1,0
355,3.9,2,77.2,28.8,24.8,0.03,3,1,0,1
120,4.3,0,72.5,30.4,231.8,0.5,8,0,0,1
401,4.3,1,53.4,34.6,228.0,0.44,3,1,0,1
157,7.0,0,46.0,25.7,245.0,0.44,1,0,0,1
445,5.7,2,44.3,31.6,235.5,0.81,0,2,1,1
310,4.3,1,88.3,24.4,171.8,0.95,8,2,0,1
497,6.0,1,83.5,39.8,260.1,0.13,2,0,0,1
429,2.0,2,41.4,21.1,189.7,0.63,6,1,0,0
211,4.1,1,65.6,37.3,136.4,0.49,9,0,0,1
330,5.3,1,78.0,35.5,119.3,0.97,3,1,1,1
429,2.3,2,56.2,30.5,145.6,0.34,10,0,0,0
325,6.3,1,11.3,38.4,47.4,0.46,6,0,0,1
86,7.0,1,17.5,25.9,24.7,0.66,10,0,0,1
325,2.4,2,70.4,27.4,27.4,0.1,3,1,0,0
308,1.8,2,45.6,18.2,103.1,0.12,6,2,0,0
41,1.8,0,68.5,20.3,94.0,0.88,2,1,0,1
40,4.2,0,58.8,21.6,105.4,0.21,2,1,1,1
49,7.2,0,70.2,31.0,115.2,0.96,5,0,0,1
335,0.7,2,58.1,33.9,85.5,0.94,0,2,1,0
270,4.9,0,69.8,24.5,16.4,0.9,3,1,1,1
128,4.0,2,15.7,37.6,3.6,0.36,5,0,1,0
192,4.4,0,71.0,39.0,231.1,0.02,1,0,1,0
25,7.4,1,50.5,31.8,150.3,0.42,6,0,0,1
47,2.5,2,83.7,39.4,46.6,0.33,9,2,0,1
362,3.5,0,14.6,19.9,130.3,0.45,9,0,1,0
66,0.1,0,66.1,21.6,285.9,0.52,4,0,1,0
388,6.2,1,68.6,20.6,270.0,0.34,6,1,0,1
369,7.8,2,16.2,28.0,108.0,0.5,9,0,1,0
135,6.2,2,63.9,20.5,222.2,0.0,0,0,0,1
191,3.1,0,24.3,39.1,10.6,0.8,10,1,0,1
132,3.3,2,35.6,36.2,171.5,0.12,10,0,0,0
416,4.1,0,86.3,19.5,139.5,0.28,4,1,0,1
9,3.0,1,55.1,24.7,186.8,0.46,9,1,0,1
82,0.1,1,11.9,29.9,190.8,0.69,0,1,0,1
439,5.9,1,18.3,29.7,71.5,0.49,0,0,1,1
27,7.4,2,43.0,37.7,137.5,0.75,9,0,0,1
43,4.7,0,44.8,39.2,71.0,0.26,5,1,1,1
236,2.2,0,85.5,21.0,231.0,0.11,1,0,1,1
165,3.3,2,38.7,34.9,135.6,0.46,1,0,0,1
428,5.6,2,13.2,36.4,98.3,0.09,3,1,1,0
351,2.4,0,12.5,26.9,135.7,0.75,3,0,1,1
416,6.4,0,11.0,36.3,294.8,0.13,6,1,0,0
474,6.5,0,89.8,22.4,193.8,0.81,1,1,0,1
487,3.7,0,83.9,27.5,217.3,0.5,6,2,1,0
186,1.7,0,32.0,27.8,44.6,0.61,9,0,1,0
215,7.1,1,14.9,24.2,41.2,0.2,8,0,0,1
405,5.7,1,53.6,28.7,273.8,0.5,6,1,0,0
168,4.8,0,81.7,35.1,17.6,0.99,8,1,0,1
56,2.0,0,31.3,36.0,275.2,0.06,3,2,1,0
483,6.7,0,24.1,31.0,241.9,0.7,9,0,1,1
293,7.6,1,53.4,21.9,11.4,0.06,9,0,0,1
5,2.7,2,26.1,20.9,215.1,0.92,5,0,0,1
305,5.6,0,71.9,36.6,258.2,0.96,5,2,1,0
177,2.4,0,88.1,34.1,131.1,0.64,7,2,1,0
367,7.7,2,81.2,31.5,107.0,0.67,2,1,1,1
70,1.4,0,85.9,38.9,117.5,0.99,9,0,0,1
476,6.5,2,27.7,30.4,281.0,0.14,1,0,1,1
90,5.1,0,75.7,32.7,218.8,0.34,0,1,0,1
359,0.5,1,73.0,33.8,14.4,0.44,6,0,1,0
456,3.0,2,40.0,36.2,236.6,0.58,10,0,0,1
42,6.4,0,33.6,25.0,285.5,0.07,2,1,0,1
285,7.5,0,37.0,39.7,268.0,0.7,6,2,0,1
85,0.4,1,26.4,22.2,209.2,0.72,8,1,1,1
126,0.8,1,55.7,36.5,46.1,0.36,6,0,1,0
107,0.8,0,23.7,24.4,24.6,0.84,4,1,1,0
463,5.3,0,61.3,26.5,111.3,0.38,2,1,0,1
230,3.7,0,77.0,30.4,45.3,0.7,1,0,1,1
392,4.7,2,14.9,26.5,156.8,0.97,10,1,0,1
158,0.6,2,12.8,30.6,155.0,0.57,9,0,0,0
93,7.6,0,87.8,35.8,37.9,0.42,10,1,0,1
432,4.8,1,82.9,38.1,20.1,0.39,6,2,1,0
271,3.7,0,72.9,31.7,156.8,0.42,6,0,0,0
478,0.8,0,72.9,37.1,264.0,0.88,4,1,1,0
24,1.4,1,21.5,31.4,208.1,0.04,5,2,0,0
386,3.8,1,81.8,18.4,245.2,0.3,4,1,0,1
73,2.4,2,45.4,36.2,80.8,0.42,10,0,0,1
113,7.3,1,69.3,34.7,260.2,0.82,8,0,0,1
368,4.1,0,72.4,29.5,170.6,0.17,3,0,0,1
238,0.4,1,66.4,24.0,247.1,0.51,10,0,0,0
195,3.9,1,24.2,37.2,176.1,0.35,2,1,0,1
19,3.1,0,78.3,35.2,64.3,0.22,3,2,0,1
338,3.3,0,79.2,39.3,204.7,0.47,2,2,0,0
119,2.0,1,67.0,33.6,82.6,0.9,5,1,1,0
243,2.4,2,75.9,26.7,30.7,0.51,10,1,1,0
355,0.9,0,36.9,24.1,97.5,0.28,10,2,1,0
81,4.1,0,82.0,35.7,240.7,0.6,10,1,0,1
340,4.0,1,30.8,27.2,116.5,0.04,9,0,1,0
356,4.3,1,82.5,32.8,152.2,0.85,10,2,0,1
54,3.8,2,30.7,35.8,228.9,0.18,10,1,0,1
186,1.8,1,43.6,37.5,111.5,0.59,7,0,1,0
448,5.1,2,85.5,19.6,266.8,0.5,10,1,1,0
32,7.0,0,21.0,22.4,122.8,0.57,7,0,1,1
403,0.6,1,60.5,21.9,190.3,0.0,4,0,0,0
255,6.3,0,20.4,27.5,128.8,0.43,7,1,0,0
278,1.6,1,86.0,37.6,227.1,0.53,0,2,0,0
120,5.5,1,35.0,20.3,151.0,0.31,1,0,1,1
238,5.8,2,51.9,27.5,206.0,0.13,7,1,0,0
490,7.3,1,11.5,22.9,295.5,0.21,0,2,0,1
192,5.7,0,40.0,32.1,231.4,0.62,9,0,0,1
29,5.5,1,45.5,20.7,75.8,0.7,3,2,0,1
220,5.3,2,51.6,31.7,210.2,0.42,1,2,0,1
63,6.3,1,25.9,22.4,78.9,0.52,3,1,1,1
87,0.3,1,82.8,33.1,144.2,0.23,0,2,0,1
432,4.6,1,21.9,20.0,153.5,0.72,1,1,0,1
156,2.1,0,18.0,21.8,11.8,0.29,10,1,1,0
53,6.8,0,10.8,21.0,194.2,0.33,7,2,1,0
195,6.5,0,19.1,26.8,137.0,0.84,7,1,0,1
72,5.6,0,88.5,36.6,31.1,0.91,7,2,1,1
317,3.0,1,58.9,37.0,264.0,0.73,2,1,1,1
459,3.3,0,15.1,32.4,3.7,0.87,8,2,0,1
270,4.2,2,59.5,27.5,218.0,0.48,10,2,1,0
434,6.6,2,14.4,32.2,47.1,0.85,7,0,0,1
169,1.9,1,14.0,22.9,193.0,0.4,3,0,1,0
415,4.6,0,78.5,27.8,35.6,0.5,10,0,0,1
216,0.3,2,10.0,20.0,181.3,0.62,4,2,0,1
491,2.7,0,75.3,36.6,99.6,0.77,9,1,1,1
63,0.8,2,27.7,25.5,249.0,0.96,4,2,1,1
28,7.2,1,21.2,33.8,216.5,0.11,9,0,0,1
481,6.8,0,46.6,35.2,215.0,0.11,6,0,0,1
239,5.3,2,20.8,29.0,159.1,0.05,6,2,1,0
359,4.6,2,75.2,20.3,197.3,0.61,5,2,1,1
316,7.3,0,31.9,39.2,291.1,0.45,2,0,1,1
436,5.6,1,66.9,38.6,189.8,0.2,9,2,1,0
476,5.4,2,62.0,39.1,151.2,0.69,5,2,0,1
292,3.8,2,85.4,33.6,202.3,0.89,8,1,1,0
272,0.9,1,21.6,32.7,60.0,0.75,2,1,1,0
434,0.5,1,26.3,29.9,107.6,0.45,9,2,0,0
126,4.1,2,33.0,32.6,277.9,0.39,10,1,0,0
385,2.0,2,79.5,36.9,132.9,0.23,10,2,1,0
402,5.8,0,33.5,21.9,204.8,0.19,2,2,0,1
25,3.4,2,31.1,21.5,253.8,0.01,7,2,0,1
83,7.4,2,14.1,38.5,184.7,0.66,7,2,1,1
406,5.7,2,27.6,22.0,20.5,0.51,6,2,1,0
183,1.8,0,63.1,25.3,88.1,0.95,9,2,1,0
63,5.4,1,29.2,32.1,275.6,0.24,0,2,1,1
473,6.4,0,40.9,29.9,84.8,0.91,5,2,1,1
27,2.4,2,25.4,29.3,284.5,0.17,8,2,0,1
112,5.4,0,79.2,27.3,31.2,0.54,6,2,0,0
17,3.7,1,13.0,19.6,53.4,0.25,1,2,0,1
213,3.1,2,42.4,25.0,116.9,0.12,0,2,0,0
363,6.8,1,84.2,20.3,236.1,0.3,1,1,1,1
207,6.6,0,47.9,29.7,40.9,0.39,8,1,0,0
351,7.1,2,61.8,39.1,3.3,0.87,2,0,0,1
298,4.8,2,53.8,19.9,63.0,0.74,5,0,1,1
87,1.5,2,76.8,22.3,54.4,0.8,0,2,1,1
153,5.4,1,17.9,34.0,146.2,0.33,2,2,0,1
150,5.0,0,35.4,27.9,184.9,0.31,9,0,1,0
495,3.4,0,35.1,35.3,213.7,0.64,4,1,0,1
454,3.8,1,38.7,24.7,165.5,0.18,9,0,1,0
461,4.3,1,68.7,31.8,218.2,0.89,8,2,0,1
398,4.7,0,54.1,30.0,299.6,0.47,2,1,1,0
461,6.2,2,78.6,20.9,150.3,0.09,5,2,0,0
439,7.7,2,64.7,34.7,42.1,0.16,9,2,0,0
485,2.9,0,70.9,23.1,79.3,0.23,10,0,1,0
245,7.3,0,13.2,32.3,31.0,0.97,10,1,1,0
197,5.2,1,57.0,37.8,23.4,0.25,3,2,1,1
423,6.9,1,73.4,37.5,2.0,0.88,7,0,0,1
268,5.1,0,22.0,21.5,180.6,0.82,10,0,1,1
373,0.9,2,48.3,22.6,48.4,0.83,0,0,0,1
298,4.7,0,60.4,18.9,171.7,0.06,4,0,1,0
454,5.8,2,75.7,38.8,65.0,0.61,7,1,0,1
430,3.3,0,73.6,36.0,54.6,0.66,4,0,1,1
310,4.7,0,40.3,20.9,5.0,0.52,8,2,1,0
315,0.8,1,82.1,31.2,263.3,0.53,1,0,1,0
466,4.8,0,81.8,35.0,194.8,0.52,5,0,1,0
485,6.4,1,38.0,35.7,272.4,0.84,9,0,1,1
135,3.8,0,82.8,19.8,179.5,0.54,4,0,0,1
300,4.2,2,10.6,32.4,206.3,0.32,5,0,0,1
338,4.7,1,78.4,27.3,109.7,0.28,10,1,0,1
287,6.3,1,24.3,30.3,145.1,0.99,9,1,1,1
442,6.9,0,69.8,27.8,209.8,0.16,3,2,1,0
415,4.4,2,64.8,19.1,116.7,0.64,1,0,1,1
50,0.5,0,39.7,31.4,217.3,0.93,6,2,1,0
489,6.2,0,61.2,27.7,60.5,0.66,8,1,0,1
406,4.8,2,65.9,31.5,202.2,0.36,10,0,0,0
146,6.2,1,63.6,26.9,60.1,0.02,1,0,1,1
182,7.7,1,28.1,39.2,136.4,0.4,0,1,0,1
264,0.9,0,50.3,25.5,35.1,0.51,4,2,1,0
499,3.0,1,71.6,34.7,288.4,0.46,7,2,0,1
64,2.1,1,60.7,39.9,203.1,0.23,5,1,1,1
363,6.7,0,33.0,26.8,224.6,0.34,8,0,1,0
186,1.7,2,31.5,38.8,204.9,0.91,7,2,0,0
381,1.9,1,26.5,22.5,74.9,0.62,2,0,0,1
351,7.6,1,59.1,34.8,162.4,0.04,7,1,1,0
464,7.9,2,79.5,28.8,295.3,0.92,4,1,0,1
32,4.2,1,48.3,29.9,150.7,0.39,10,0,1,1
362,4.1,1,65.1,18.3,63.2,0.58,5,1,1,0
285,2.1,1,47.7,31.5,109.8,0.5,3,1,1,1
442,3.2,1,24.4,20.9,172.8,0.23,1,2,1,0
289,3.5,1,25.7,35.6,221.6,0.47,0,0,1,1
73,8.0,2,51.4,33.9,235.6,0.3,8,2,0,1
55,5.5,0,27.2,23.6,251.7,0.1,5,1,1,1
291,4.5,1,37.5,27.1,105.3,0.68,9,0,0,1
186,2.6,2,49.0,34.2,266.9,0.38,4,1,0,0
332,6.5,1,43.7,31.5,121.4,0.91,1,0,1,1
165,2.5,1,66.8,31.3,118.6,0.89,5,2,1,1
90,1.5,0,20.0,23.2,75.5,0.74,1,0,0,1
57,0.8,1,53.9,18.6,119.1,0.76,1,0,1,1
48,5.2,1,34.7,23.4,85.3,0.63,2,2,0,1
22,5.3,1,79.1,28.3,261.3,0.93,8,1,0,1
307,4.8,2,69.9,37.3,130.5,0.64,8,1,1,1
281,1.8,0,45.3,26.0,77.9,0.3,0,2,0,0
151,3.8,0,65.0,28.8,226.6,0.3,6,1,0,0
285,3.0,1,80.6,27.6,75.0,0.71,10,1,1,1
139,0.6,2,29.2,34.8,273.0,0.81,10,1,1,0
216,1.5,0,24.6,24.4,191.1,0.62,4,2,1,0
169,0.2,0,87.6,18.5,291.7,0.28,2,2,1,0
124,0.7,0,49.5,25.5,93.5,0.8,5,1,0,0
46,6.7,0,14.5,35.1,21.4,0.47,3,1,1,1
67,7.8,2,29.9,35.0,132.9,0.74,0,0,1,1
271,5.3,0,47.8,33.0,93.6,0.32,10,2,0,0
134,3.8,1,25.9,37.5,259.1,0.22,1,0,1,1
12,1.3,1,56.8,26.7,72.9,0.97,9,2,1,1
195,6.2,0,22.6,20.0,185.6,0.93,10,0,0,1
335,1.2,2,73.3,20.8,69.8,0.98,10,1,1,0
15,5.5,1,68.0,23.5,11.8,0.71,8,1,1,1
295,1.5,1,35.9,28.3,260.3,0.6,8,0,0,0
235,2.4,1,53.3,28.0,232.8,0.51,2,0,1,1
169,5.8,2,87.4,36.0,57.0,0.68,8,0,1,1
214,5.1,0,17.7,32.5,13.1,0.94,2,0,0,1
253,1.5,0,55.7,36.4,197.4,0.53,9,1,0,0
118,4.8,0,11.0,38.3,196.7,0.93,1,1,0,1
290,5.9,1,75.8,35.5,17.5,0.62,8,0,0,1
44,7.6,2,17.8,34.0,159.5,0.19,8,2,0,1
290,6.0,1,69.7,34.9,173.0,0.67,10,1,0,1
410,1.4,1,50.4,32.5,160.2,0.6,5,1,1,0
216,6.1,1,76.1,25.1,72.2,0.55,6,2,1,0
497,3.6,1,10.0,18.8,85.3,0.02,2,1,0,1
118,1.7,1,11.7,36.1,206.9,0.28,8,2,0,0
24,3.7,0,21.1,26.1,174.6,0.23,4,0,1,1
380,0.6,1,73.4,21.8,247.7,0.69,9,0,1,0
379,6.5,1,16.3,19.2,231.3,0.35,6,1,0,0
387,5.2,2,84.3,31.9,189.7,0.05,8,0,1,0
172,4.0,0,22.3,32.8,299.2,0.97,9,2,0,1
226,2.3,1,21.8,25.4,142.8,0.75,8,1,1,1
209,4.0,2,20.4,21.0,167.8,0.49,10,2,0,0
129,0.6,1,35.9,38.3,26.9,0.67,6,1,1,0
169,2.8,2,11.9,24.7,296.3,0.62,7,2,0,1
27,7.4,0,26.0,26.2,227.3,0.85,1,2,0,1
490,5.0,0,79.5,36.0,4.1,0.69,1,1,1,1
16,2.7,2,53.0,22.5,157.0,0.26,7,2,0,1
197,4.7,2,52.1,23.6,18.0,0.2,9,1,0,0
340,7.6,0,41.1,24.0,255.6,0.66,1,0,1,1
123,7.8,2,88.1,20.2,94.6,0.87,8,0,0,1
261,7.7,2,84.1,18.5,74.2,0.53,5,1,1,0
14,2.8,1,38.4,24.7,298.8,0.98,4,0,1,1
460,8.0,0,85.5,38.9,67.7,0.34,6,2,0,0
378,3.1,2,59.0,31.8,68.2,0.24,2,1,1,0
234,4.3,0,62.2,30.8,205.2,0.2,2,1,0,1
470,7.8,0,62.5,30.4,47.4,0.07,8,2,0,0
167,6.7,0,68.2,34.8,264.0,0.41,6,1,1,0
82,6.2,0,20.5,18.6,295.8,0.62,9,2,0,1
123,5.5,1,16.4,35.2,40.2,0.85,7,2,1,1
441,3.1,1,21.0,22.3,9.7,0.76,0,1,1,1
385,5.4,0,70.6,19.5,278.1,0.99,9,1,1,1
459,2.0,1,72.1,31.4,247.3,0.72,6,2,0,0
236,3.7,0,80.2,23.4,161.4,0.98,0,2,1,1
102,2.3,1,80.8,35.0,85.8,0.17,4,2,0,1
242,6.6,1,17.2,29.0,53.9,0.59,8,0,1,1
170,3.6,0,46.3,37.7,268.7,0.88,1,1,1,1
372,5.9,0,19.1,27.9,108.9,0.52,6,2,0,0
286,3.0,0,83.0,30.4,197.9,0.15,2,0,0,1
162,2.5,1,33.1,22.0,269.6,0.96,0,2,1,1
239,4.0,1,53.5,18.1,264.8,0.24,9,2,1,0
214,3.5,2,58.0,23.4,164.2,0.62,8,0,0,1
80,0.4,1,12.9,36.8,200.1,0.84,4,1,0,1
60,3.3,0,22.9,24.3,198.3,0.7,9,2,0,1
388,4.6,0,17.5,24.6,110.6,0.38,1,1,0,1
246,1.1,2,78.8,25.2,124.1,0.21,3,2,0,0
297,5.8,2,52.3,19.9,217.2,0.6,4,1,1,0
274,4.6,2,38.3,20.9,168.8,0.52,10,1,1,0
457,4.9,2,33.2,22.3,35.5,0.46,1,2,0,1
216,0.4,1,54.8,32.0,3.4,0.2,4,1,0,0
158,4.1,1,71.4,20.5,100.0,0.4,9,2,0,0
104,2.6,1,83.8,28.5,142.4,0.04,2,1,0,1
461,6.9,1,47.0,35.9,278.3,0.06,8,1,1,0
111,4.6,1,74.0,37.5,106.1,0.97,4,0,1,1
325,4.3,0,55.7,26.6,178.6,0.86,4,2,1,1
144,3.3,1,80.2,26.2,248.8,0.3,8,1,0,0
196,6.3,0,83.1,27.8,7.5,0.48,8,0,0,1
477,3.9,2,34.8,25.2,230.8,0.1,8,2,0,0
375,0.3,1,67.1,29.5,1.2,0.93,10,2,0,1
244,7.1,0,51.6,32.5,93.7,0.58,4,2,0,1
107,1.5,1,52.6,35.0,201.3,0.27,2,1,0,0
495,5.0,2,18.2,29.9,164.8,0.27,4,2,0,0
41,2.5,1,53.2,19.1,8.7,0.9,0,0,1,1
49,3.4,0,66.4,37.6,188.8,0.69,7,2,1,1
175,6.5,2,70.7,35.8,23.6,0.92,7,2,0,1
421,6.4,2,47.5,28.0,205.3,0.71,7,1,0,1
78,6.9,2,30.6,26.0,55.0,0.92,5,1,1,1
20,0.5,0,38.1,28.1,51.2,0.77,9,2,0,1
212,6.5,0,36.1,32.3,237.7,0.53,6,2,1,0
322,1.9,0,87.9,26.4,102.2,0.81,9,1,1,0
283,5.6,0,63.0,19.7,279.3,0.57,7,0,1,0
289,0.8,1,24.1,39.0,20.9,0.11,9,1,1,0
335,5.3,0,27.4,21.1,174.2,0.75,0,0,0,1
277,2.3,2,56.2,22.3,204.5,0.32,9,2,1,0
372,7.9,1,89.2,30.8,183.4,0.51,2,1,0,1
466,4.4,0,10.1,30.3,293.6,0.11,4,0,0,1
364,4.7,2,35.5,26.4,114.5,0.55,10,0,1,0
101,4.4,1,77.2,21.4,299.2,0.67,2,0,0,1
78,5.8,1,62.6,39.4,40.7,0.14,6,1,1,1
237,4.1,2,75.6,26.5,67.7,0.42,0,2,1,0
369,4.0,1,84.1,30.7,10.0,0.04,7,2,1,0
302,3.9,2,16.4,34.1,157.9,0.86,4,1,0,1
130,3.8,2,63.1,32.7,205.2,0.54,9,1,0,0
278,6.2,1,46.3,37.9,172.2,0.33,5,1,1,0
23,5.6,2,70.0,34.0,169.1,0.06,7,2,0,1
341,7.9,2,59.9,24.3,24.8,0.51,4,1,0,1
145,6.9,0,69.3,31.3,273.0,0.74,10,1,1,0
138,6.3,0,48.8,35.6,258.6,0.34,1,0,0,1
390,7.9,1,29.0,27.7,191.3,0.21,5,0,1,0
31,1.3,1,48.1,28.5,284.5,0.92,3,1,1,1
139,1.2,1,10.9,38.4,134.6,0.68,8,2,0,0
474,4.3,1,86.5,27.5,275.4,0.86,5,1,1,1
135,5.2,1,46.9,32.9,72.5,0.67,3,2,1,1
165,4.4,2,10.7,19.5,123.4,0.53,10,1,1,0
376,2.3,0,12.7,31.6,17.1,0.59,3,2,0,0
49,6.9,0,40.1,34.8,194.4,0.8,2,0,0,1
155,3.7,0,61.1,38.3,82.9,0.43,10,1,1,0
404,0.6,0,40.6,25.3,18.0,0.96,4,0,1,0
256,7.8,0,58.8,21.9,147.6,0.14,6,0,0,1
371,2.1,0,15.8,30.6,75.2,0.45,7,0,0,0
345,3.1,0,66.0,37.9,172.4,0.52,7,1,1,0
437,5.8,0,53.2,18.1,286.2,0.82,7,0,1,1
354,2.4,0,60.6,39.1,27.2,0.53,5,0,1,0
336,1.6,2,13.1,26.5,57.3,0.7,1,2,1,0
48,7.1,1,68.8,21.1,57.9,0.72,9,0,1,1
37,6.3,2,34.6,29.7,250.3,0.45,0,0,1,1
177,6.3,0,42.4,22.7,196.2,0.52,10,2,0,0
478,0.6,2,21.3,32.4,141.4,0.92,0,0,0,1
93,5.1,1,75.7,20.1,183.4,0.84,1,0,0,1
309,6.4,0,15.0,22.5,101.2,0.84,10,1,1,0
355,4.6,0,35.7,39.2,64.0,0.05,2,1,0,0
145,1.1,1,23.4,26.1,49.5,0.24,9,0,0,0
410,6.8,2,40.1,21.5,263.9,0.08,0,0,0,1
218,5.5,1,65.4,22.5,191.9,0.52,6,0,0,1
310,1.4,1,59.0,19.9,247.9,0.3,6,0,0,0
65,7.9,0,59.5,37.0,296.0,0.51,7,2,0,1
32,1.5,0,64.8,39.3,142.3,0.18,10,0,0,1
150,1.7,1,36.7,35.7,227.5,0.04,0,2,0,0
407,0.2,2,19.3,37.7,216.4,0.59,5,1,0,0
122,6.2,1,28.2,23.2,123.8,0.2,3,0,1,1
32,7.1,0,27.3,31.4,53.4,0.37,7,2,0,1
143,1.6,0,12.6,30.5,84.2,0.11,7,1,1,0
394,2.7,1,58.3,35.4,191.4,0.61,2,2,0,1
215,6.9,1,79.0,22.8,142.0,0.46,0,2,1,0
131,2.6,2,27.8,38.4,283.9,0.91,0,1,0,1
245,5.9,2,12.7,29.7,143.8,0.8,1,1,1,1
47,4.5,0,65.5,26.9,65.4,0.36,3,2,0,1
250,5.4,0,66.3,36.9,224.2,0.02,7,1,0,0
99,6.3,1,60.1,33.5,0.4,0.63,6,2,1,1
156,3.4,1,65.8,31.5,172.6,0.21,10,0,1,0
268,7.6,2,39.1,19.1,114.9,0.47,0,1,1,0
336,4.5,0,54.9,35.0,41.5,0.33,8,0,1,0
390,6.0,0,35.6,37.8,151.1,0.42,0,0,1,1
236,3.9,2,76.4,28.3,159.6,0.83,4,1,1,1
101,7.1,1,17.0,26.6,53.6,0.96,1,0,0,1
62,5.6,1,22.0,22.5,285.6,0.02,6,2,0,1
182,3.4,2,61.6,24.4,18.9,0.87,3,2,1,1
301,2.7,2,72.9,28.7,199.8,0.53,8,1,1,0
295,1.1,1,23.7,23.7,145.3,0.97,0,0,1,1
238,7.6,2,83.9,33.7,85.6,0.97,10,0,0,1
64,0.3,1,56.0,27.7,110.9,0.21,0,2,1,1
80,3.0,2,88.0,29.7,36.4,0.02,7,0,1,1
84,0.0,2,53.7,29.2,194.2,0.3,4,2,0,1
178,5.5,2,48.3,18.9,203.4,0.12,0,1,0,1
187,0.7,0,58.7,22.3,157.9,0.78,4,0,0,1
280,6.8,2,63.7,19.9,153.5,0.19,5,2,0,0
208,1.2,1,39.6,26.2,85.4,0.35,7,2,0,0
377,7.1,2,89.4,35.7,86.6,0.81,6,2,1,0
432,4.7,0,21.5,24.7,296.5,0.53,5,0,1,0
8,3.3,1,43.2,30.2,213.1,0.76,2,0,0,1
153,4.4,0,75.8,24.6,175.6,0.49,7,0,0,0
83,2.1,2,76.7,28.4,196.1,0.89,6,0,1,1
19,1.0,1,49.4,39.4,179.7,0.36,7,2,1,0
326,5.5,2,75.5,26.2,219.9,0.02,4,0,0,1
168,3.7,2,20.8,21.6,81.8,0.42,5,0,1,0
276,5.1,0,51.1,34.9,55.0,0.09,2,2,1,0
428,6.8,1,31.7,33.4,108.8,0.53,5,0,0,1
270,2.3,1,43.0,38.3,48.9,0.22,8,0,0,1
218,3.7,0,19.3,20.9,5.2,0.35,5,0,1,0
93,5.7,0,69.6,20.6,38.6,0.69,3,1,0,1
71,7.8,1,65.3,35.2,23.3,0.77,6,0,0,1
21,6.3,2,57.5,28.3,272.6,0.04,4,2,0,1
405,1.0,2,26.4,37.8,55.4,0.35,1,0,1,0
185,1.3,2,72.5,31.5,151.5,0.07,9,0,0,0
498,2.3,2,10.3,34.0,277.3,0.92,7,1,0,1
349,7.7,0,76.8,39.6,127.2,0.51,6,0,1,0
243,0.9,0,49.7,25.9,86.5,0.72,1,1,1,0
202,2.3,2,68.9,33.1,252.3,0.23,6,1,1,0
443,0.6,1,85.1,26.1,3.8,0.67,10,0,1,1
272,5.3,0,19.5,26.7,208.5,0.98,2,0,1,1
178,1.6,1,19.8,36.4,217.6,0.28,9,2,1,0
187,3.8,2,86.0,39.7,153.4,0.15,7,0,0,1
255,4.0,2,85.4,18.7,221.3,0.83,7,2,0,1
200,4.8,1,22.2,31.7,28.9,0.08,8,1,1,0
155,5.3,1,50.4,29.9,242.8,0.54,0,0,1,1
201,3.6,1,45.4,18.8,53.1,0.66,4,2,0,1
225,1.1,2,41.1,34.8,170.7,0.49,8,2,1,0
292,6.8,2,14.5,23.8,177.3,0.38,10,1,1,0
36,0.2,0,20.3,26.1,242.9,0.58,10,1,1,0
224,2.8,1,43.0,19.2,73.3,0.23,4,2,0,1
449,2.4,1,23.6,29.8,11.2,0.66,6,2,1,1
15,5.6,2,11.8,25.0,171.1,0.32,1,1,0,1
177,4.0,2,37.2,31.5,109.0,0.44,7,2,0,0
152,2.1,1,89.7,26.8,67.8,0.74,1,2,0,1
144,0.5,2,48.0,22.6,238.7,0.65,4,2,1,0
344,4.3,0,43.1,23.5,154.6,0.67,8,0,0,1
300,4.0,2,87.0,34.3,140.2,0.94,8,2,1,0
272,1.6,1,21.8,21.3,205.6,0.3,6,1,1,0
329,1.6,1,31.4,24.3,48.2,0.69,3,1,0,1
81,1.5,0,73.8,24.8,145.6,0.99,6,2,0,1
86,2.2,0,30.7,35.7,197.6,0.18,0,2,1,1
33,6.9,0,35.1,24.6,19.1,0.96,5,2,0,1
487,6.7,0,28.9,30.6,150.1,0.12,10,2,1,0
457,0.7,2,19.8,35.7,98.8,0.58,6,2,0,0
116,1.2,0,27.1,24.0,122.5,0.86,0,1,1,0
167,4.4,1,64.6,39.2,263.8,0.94,5,1,1,1
15,5.2,2,12.8,34.3,239.7,0.05,10,0,1,1
163,5.1,2,39.0,35.9,36.6,0.87,7,1,0,1
479,7.8,1,34.1,38.6,227.0,0.3,2,1,1,1
409,0.3,0,75.9,38.7,141.3,0.41,5,2,1,0
427,1.3,1,50.5,25.7,180.6,0.81,5,1,0,0
333,5.1,2,45.5,32.1,0.9,0.2,4,1,0,0
85,2.0,2,87.6,36.3,228.9,0.85,10,1,1,1
249,7.0,0,30.9,33.1,248.0,0.8,3,0,1,1
98,3.1,1,85.6,37.5,67.3,0.95,8,2,0,1
241,1.6,2,78.1,19.1,185.4,0.6,2,0,1,0
489,4.5,0,67.5,27.6,276.0,0.45,10,1,0,0
370,1.6,1,33.0,28.9,39.1,0.86,9,0,1,0
219,1.4,0,12.3,39.5,70.6,0.45,3,1,1,0
10,3.8,1,88.0,26.7,63.7,0.38,6,2,1,1
53,4.5,0,36.6,23.2,272.5,1.0,10,2,0,1
134,4.0,1,34.2,26.7,111.3,0.97,8,0,0,1
91,4.0,1,80.2,20.9,95.2,0.53,2,1,0,1
27,7.8,1,79.7,36.4,224.3,0.93,4,1,1,1
228,7.1,1,68.9,28.8,285.0,0.56,10,2,1,0
101,1.2,0,24.7,28.3,49.1,0.47,1,1,0,0
187,7.9,2,48.8,28.8,253.8,0.87,1,1,0,1
449,2.3,0,70.0,36.1,169.0,0.66,3,2,0,1
218,7.4,0,71.5,32.9,266.2,0.03,10,2,0,0
196,4.7,0,77.0,21.4,24.3,0.83,10,1,1,1
309,5.3,1,87.6,32.4,285.3,0.32,9,0,0,1
415,5.1,1,73.9,34.4,164.1,0.6,1,1,1,0
127,7.7,1,17.1,36.8,48.9,0.78,4,2,0,1
157,3.9,1,68.9,38.3,271.1,0.6,5,2,0,1
267,1.6,1,80.8,28.5,168.9,0.42,6,1,0,0
327,3.4,0,51.1,39.4,202.9,0.65,2,1,0,1
244,3.5,1,34.0,39.7,205.3,0.3,3,2,1,1
296,0.4,0,83.4,29.3,153.2,0.41,7,2,1,0
135,4.7,2,11.3,34.3,138.9,0.79,6,0,0,1
453,5.6,1,57.0,28.0,201.1,0.62,4,1,0,1
99,0.6,2,30.7,32.8,130.1,0.02,6,0,0,0
340,3.8,2,42.4,32.5,223.3,0.73,4,2,1,1
416,2.4,0,20.8,22.2,244.8,0.7,3,0,0,1
337,1.2,0,44.9,31.8,237.0,0.19,4,1,0,0
221,0.2,0,82.2,34.3,133.6,0.49,0,1,0,0
155,4.6,1,14.1,18.2,189.1,0.71,6,1,1,1
254,3.2,2,57.3,31.5,203.6,0.82,7,0,0,1
221,4.6,2,15.1,37.6,125.1,0.47,7,2,1,0
362,3.5,0,33.0,22.2,103.2,0.23,3,2,1,0
72,7.1,2,66.9,39.1,249.9,0.67,5,1,0,1
149,5.5,0,63.4,20.8,59.8,0.61,1,1,1,1
125,1.7,0,89.9,25.9,78.2,0.68,2,2,0,0
177,3.4,2,28.1,30.4,145.9,0.99,5,0,1,1
441,5.5,2,58.3,20.3,15.1,0.95,7,0,0,1
426,4.5,2,18.4,31.9,261.3,0.91,2,2,1,1
395,4.0,2,79.6,21.4,109.1,0.82,1,0,1,1
398,6.2,0,76.8,28.4,86.0,0.17,4,1,1,0
327,5.3,0,70.3,29.7,236.2,0.14,6,1,1,0
492,6.8,2,38.9,18.7,43.7,0.01,8,0,0,1
166,3.2,0,44.7,26.7,11.1,0.92,2,2,0,1
219,3.2,2,66.1,37.2,216.5,0.31,5,0,1,0
363,3.2,2,26.4,30.0,236.5,0.65,5,2,1,0
456,2.4,0,53.0,26.6,215.7,0.88,8,2,1,0
52,4.1,1,51.7,34.7,48.0,0.03,8,2,1,1
431,6.2,2,43.8,29.1,219.6,0.84,4,2,1,1
29,6.1,0,45.9,30.6,1.6,0.34,3,2,0,1
158,2.3,2,55.8,21.1,113.3,0.74,1,1,0,1
237,0.8,2,44.1,27.1,27.7,0.42,2,1,0,0
44,3.0,2,42.2,30.3,233.6,0.87,9,1,1,1
357,7.4,1,68.5,27.2,48.9,0.51,7,2,1,0
500,5.6,2,19.4,22.7,142.0,0.75,8,1,0,1
61,1.0,2,33.2,29.5,35.3,0.3,5,1,1,0
19,6.3,0,72.7,27.3,281.0,0.31,4,0,0,1
6,1.0,1,15.4,19.0,144.4,0.31,7,1,1,0
432,5.8,2,20.6,21.0,190.9,0.76,10,1,0,1
50,6.4,2,59.9,26.5,270.1,0.34,0,2,1,1
335,0.7,0,66.6,30.6,238.8,0.71,8,2,0,0
103,7.6,2,56.1,19.2,171.1,0.19,7,2,0,0
342,7.5,0,87.0,24.0,61.7,0.83,9,1,0,1
210,4.7,1,79.0,18.5,131.1,0.41,8,1,1,0
51,0.9,0,53.3,24.3,54.8,0.77,2,1,1,1
35,4.9,1,24.5,33.7,89.4,0.1,2,1,1,1
197,7.5,0,14.2,23.3,179.1,0.24,8,2,1,0
142,0.5,1,54.2,19.4,8.7,0.63,0,1,0,1
395,4.4,0,34.4,26.9,25.2,0.64,3,0,1,1
405,2.0,1,86.9,30.2,12.5,0.81,9,1,0,0
35,7.5,1,31.9,23.5,204.0,1.0,10,0,1,1
87,5.9,2,15.6,20.0,209.5,0.83,8,1,1,1
317,4.0,1,80.7,38.8,190.6,0.98,7,1,0,1
179,1.7,2,36.3,38.1,40.1,0.92,9,1,0,0
349,1.4,2,81.6,33.5,228.7,0.54,10,2,0,0
461,6.7,2,45.6,20.7,291.6,0.38,9,1,1,0
434,6.1,2,88.7,20.7,111.1,0.19,0,0,0,1
353,7.4,1,25.3,36.0,187.6,0.81,3,0,1,1
23,2.2,2,66.6,22.6,58.8,0.82,6,0,1,1
92,4.4,2,69.1,32.8,180.9,0.18,9,0,0,1
137,7.5,0,80.5,34.0,82.3,0.85,0,2,1,1
6,7.5,2,63.8,32.3,256.2,0.32,6,1,0,1
258,2.9,0,80.7,22.9,83.4,0.42,7,1,0,0
104,2.7,2,74.6,39.8,67.7,0.69,1,0,0,1
173,2.5,2,60.0,18.6,129.6,0.02,10,1,1,0
60,3.8,1,76.6,36.1,155.9,0.24,1,2,1,1
325,3.6,0,16.8,19.3,10.0,0.31,1,0,0,1
33,2.4,2,44.5,20.2,16.7,0.05,6,1,0,1
124,6.9,2,59.9,28.0,139.3,0.43,9,2,0,0
338,7.5,0,46.3,25.2,57.7,0.1,9,2,0,0
468,4.6,2,50.7,25.8,144.4,0.62,2,0,0,1
35,1.0,2,44.9,39.1,226.3,0.31,8,0,0,1
163,4.8,1,39.5,18.2,175.9,0.68,0,0,0,1
181,1.6,0,61.2,22.4,20.5,0.19,7,2,1,0
441,4.6,1,59.3,27.2,48.7,0.45,0,1,0,1
332,1.8,0,47.3,22.7,144.2,0.77,5,2,1,0
209,1.5,0,39.0,19.6,9.0,0.12,4,1,0,0
27,7.8,0,25.8,21.8,265.6,0.72,5,2,0,1
105,0.2,1,82.9,18.5,203.2,0.38,1,1,0,0
238,1.9,1,62.9,38.7,293.1,1.0,6,2,0,0
78,7.1,0,73.6,22.2,113.5,0.37,9,1,0,1
395,4.9,0,78.4,24.5,44.6,0.25,10,1,0,0
112,5.8,1,73.3,31.5,50.2,0.39,10,2,1,0
270,3.7,1,67.0,29.6,145.0,0.96,7,1,1,1
111,1.8,0,46.2,23.2,65.6,0.43,6,2,0,0
135,4.4,0,70.1,24.5,155.6,0.23,0,1,1,0
235,3.7,1,39.4,28.9,81.9,0.02,7,0,1,0
188,7.2,1,77.4,29.3,193.1,0.79,3,0,0,1
189,0.3,0,36.7,32.9,75.0,0.75,10,1,0,0
442,6.0,2,53.5,23.7,231.0,0.28,5,1,1,0
246,5.2,0,79.2,23.0,217.0,0.21,3,2,1,0
179,6.3,1,77.7,27.4,282.6,0.42,7,1,0,1
76,4.6,0,34.4,34.2,149.9,0.66,5,1,0,1
222,5.5,1,71.0,33.2,89.9,0.59,9,0,0,1
492,8.0,2,60.4,31.3,182.4,0.87,6,0,1,1
278,3.1,1,18.7,30.5,135.5,0.89,1,0,0,1
21,6.6,2,49.1,22.1,20.8,0.96,4,0,0,1
342,4.2,1,14.6,29.4,51.5,0.86,6,1,0,1
71,4.3,1,69.5,26.6,271.1,0.21,3,1,1,1
86,4.8,1,57.0,29.1,205.5,0.28,0,0,1,1
427,3.2,0,52.1,38.0,263.8,0.46,9,0,0,1
335,7.0,1,37.7,36.5,237.7,0.39,2,1,0,1
465,4.9,1,46.6,38.0,55.0,0.57,6,2,0,0
458,7.0,1,80.6,29.8,200.0,0.07,3,1,1,0
193,0.6,0,50.4,35.1,123.0,0.16,3,2,0,0
18,0.6,2,64.0,28.2,103.1,0.4,3,1,0,0
133,0.9,0,36.2,34.5,145.4,0.07,8,2,0,0
76,3.8,1,77.3,21.8,5.4,0.1,4,0,1,1
44,5.4,0,64.2,21.4,107.4,0.22,0,2,0,1
361,0.4,2,74.9,32.1,214.9,0.9,6,2,1,0
31,4.8,0,71.8,34.9,278.6,0.37,3,0,0,1
220,0.2,0,37.0,22.2,200.7,0.22,1,2,0,0
27,3.3,0,75.2,25.1,188.0,0.62,8,1,1,1
123,1.7,1,35.9,18.3,196.2,0.01,3,1,0,0
341,6.5,2,59.9,19.0,265.6,0.41,9,1,0,0
133,7.7,2,35.9,31.9,116.6,0.92,2,1,0,1
440,5.3,0,36.8,31.4,175.5,0.38,10,2,0,0
124,0.2,0,34.7,34.2,227.2,0.62,0,0,1,1
156,1.6,1,26.4,18.8,277.0,0.6,7,2,1,0
147,2.5,0,51.7,39.5,194.4,0.29,0,0,1,1
129,1.6,0,82.5,32.6,74.5,0.69,3,2,1,0
98,3.5,0,15.2,28.8,286.1,0.05,2,0,0,1
93,4.7,0,28.9,19.7,217.5,0.31,3,0,1,1
315,2.0,1,56.1,39.3,60.4,0.86,7,0,1,1
198,1.3,1,43.8,31.4,130.0,0.16,7,0,1,0
442,0.7,1,57.6,21.4,218.0,0.26,7,1,1,0
197,4.5,1,15.8,21.0,140.8,0.15,3,0,0,1
256,3.2,1,85.2,39.4,111.9,0.49,10,2,0,1
458,0.3,0,40.8,30.4,58.3,0.44,4,2,1,0
330,5.5,2,14.6,26.5,127.2,0.25,7,0,1,0
362,5.3,0,30.9,28.0,204.3,0.25,9,2,0,0
64,6.2,2,66.9,26.5,211.8,0.97,1,2,0,1
89,6.6,1,65.3,29.0,160.0,0.89,9,1,1,1
60,5.1,1,75.1,23.9,62.9,0.75,4,0,0,1
5,0.8,2,43.4,27.2,86.5,0.43,2,1,0,0
106,3.9,2,85.9,27.9,244.3,0.19,0,2,0,0
137,7.9,1,45.3,38.1,32.8,0.64,1,1,0,1
68,2.2,1,12.4,23.2,145.6,0.76,0,0,1,1
345,4.7,0,17.7,29.5,2.2,0.6,4,1,1,0
314,3.4,1,64.5,25.5,94.6,0.24,5,2,1,0
317,0.5,1,79.8,35.7,0.9,0.87,6,2,0,0
313,1.0,2,32.4,33.4,244.5,0.37,9,2,1,0
343,1.5,2,86.6,35.9,5.0,0.36,0,2,1,0
124,4.9,1,69.1,35.5,104.5,0.94,7,2,0,1
155,4.9,2,21.5,29.4,171.6,0.86,8,0,0,1
412,0.7,2,89.7,39.7,140.0,0.9,1,1,0,0
113,1.4,2,66.0,20.3,298.0,0.03,5,1,1,0
373,2.1,1,86.1,32.8,199.6,0.92,10,2,1,1
412,5.5,0,84.5,34.9,180.2,0.64,6,2,1,1
418,1.9,1,19.3,19.9,26.7,0.74,3,2,0,1
70,6.8,1,56.2,18.0,18.6,0.54,6,1,1,1
413,5.4,0,51.6,31.2,66.6,0.4,8,1,1,0
422,7.5,0,50.0,28.0,180.4,0.15,10,2,0,0
163,4.0,2,19.9,39.9,212.0,0.48,3,1,1,0
35,7.8,1,22.2,33.8,254.4,0.93,3,2,0,1
443,3.9,1,33.9,35.9,273.7,0.16,0,2,1,1
221,5.4,1,70.6,26.6,158.4,0.28,3,2,1,0
72,2.6,2,79.3,19.2,280.4,0.3,10,0,0,1
361,3.9,0,26.8,35.7,58.7,0.65,5,2,0,1
197,7.6,1,64.4,21.7,16.9,0.36,7,0,0,1
268,5.2,2,44.7,21.3,216.8,0.25,1,0,1,1
159,5.5,0,62.2,26.3,207.5,0.8,10,0,1,1
145,5.1,1,39.4,20.6,24.8,0.49,10,2,0,0
305,4.6,2,48.4,33.3,28.4,0.59,6,1,1,0
297,1.0,1,15.1,38.0,238.6,0.18,0,1,1,0
270,6.7,2,67.1,35.4,37.2,0.75,10,0,0,1
7,4.4,1,19.8,20.8,61.9,0.16,8,1,0,1
68,4.0,1,87.3,21.8,293.1,0.66,3,1,0,1
342,4.3,0,56.2,33.3,156.8,0.99,5,2,0,1
344,6.6,0,12.9,21.1,256.8,0.22,2,2,0,1
147,1.0,2,43.8,30.1,78.2,0.65,2,1,1,0
488,2.0,1,85.2,21.2,61.1,0.63,4,2,0,1
293,5.3,2,58.4,27.2,46.0,0.99,6,1,0,1
44,2.2,2,18.8,30.1,19.8,0.64,5,1,1,1
449,6.4,1,10.8,26.3,290.6,0.38,1,0,0,1
306,6.6,1,17.6,25.7,171.6,0.28,4,2,0,1
92,2.5,1,24.5,35.7,203.3,0.79,8,2,1,1
308,1.0,0,64.9,33.7,197.3,0.14,9,2,1,0
475,5.8,1,66.6,23.5,182.6,0.71,2,1,1,1
262,2.3,1,51.6,33.8,277.1,0.23,10,0,1,1
399,2.5,0,60.8,19.7,72.0,0.09,9,0,0,1
288,7.4,0,87.0,27.3,152.6,0.73,7,1,0,1
12,4.9,2,10.6,27.3,160.3,0.35,10,2,0,1
498,1.3,2,82.3,21.8,110.1,0.13,5,0,1,0
199,1.4,0,37.0,32.9,249.5,0.85,1,1,1,0
155,2.1,0,69.0,30.5,65.2,0.3,10,2,0,0
461,4.9,1,14.6,18.1,138.1,0.3,1,0,1,1
210,2.8,0,44.5,22.3,158.7,0.9,6,0,1,1
84,6.2,1,28.1,26.7,89.8,0.43,2,2,1,1
229,5.3,1,22.9,25.8,130.2,0.36,3,0,0,1
25,1.1,1,69.5,37.8,48.1,0.2,7,2,1,0
220,3.9,1,74.0,33.7,97.5,0.76,6,2,1,1
61,7.7,0,20.1,25.6,4.1,0.68,0,2,1,1
310,5.9,1,48.4,24.2,24.8,0.43,9,0,0,1
148,6.1,1,89.5,23.4,246.2,0.2,1,2,0,1
442,4.7,2,21.9,20.7,120.4,0.27,3,0,1,0
320,1.6,0,40.4,29.5,210.0,0.98,3,1,1,0
36,4.1,2,14.1,20.4,109.1,0.94,6,0,1,1
98,0.3,0,62.8,25.1,85.6,0.28,9,0,1,0
134,7.6,1,36.7,20.5,200.7,0.68,2,1,1,1
385,6.2,2,58.4,23.2,82.8,0.58,1,0,0,1
26,4.7,2,75.4,22.2,133.7,0.1,8,2,1,1
376,3.8,0,52.7,21.4,38.3,0.42,4,2,1,0
234,5.0,0,82.9,19.5,125.7,0.93,8,0,0,1
361,7.7,1,13.6,30.5,238.3,0.69,6,1,0,1
229,6.0,1,55.0,26.6,182.2,0.21,0,0,0,1
455,7.4,2,46.4,33.6,157.5,0.3,3,1,1,0
92,1.8,2,29.1,18.9,44.4,0.88,2,1,0,1
426,1.7,0,10.1,25.6,181.5,0.37,1,2,1,0
214,7.2,1,36.0,19.3,244.8,0.82,3,2,1,1
136,7.8,2,62.6,37.1,281.7,0.58,6,2,1,0
423,3.5,1,31.5,30.8,242.3,0.75,2,1,0,1
193,1.2,1,17.5,22.0,55.5,0.86,3,2,1,0
336,2.3,1,23.0,21.9,118.3,0.61,1,0,0,1
130,3.6,2,87.6,20.2,158.0,0.73,0,2,0,1
201,0.2,0,71.1,32.2,13.1,0.25,1,1,0,0
410,7.7,0,53.4,36.0,255.8,0.08,2,1,1,0
162,2.7,0,29.5,30.0,80.2,0.54,0,0,0,1
57,4.1,1,21.3,38.1,7.2,0.43,2,1,1,1
476,7.0,1,64.9,33.7,270.5,0.49,1,0,0,1
187,0.6,1,19.5,38.3,276.0,0.9,9,0,0,1
276,2.7,0,64.4,21.3,200.2,0.3,4,1,0,1
474,4.0,1,84.6,35.8,213.4,0.08,0,0,0,1
80,3.1,2,73.7,39.5,244.4,0.11,6,2,1,0
51,2.6,0,24.5,26.5,95.8,0.42,6,2,1,0
415,7.6,0,40.7,30.1,161.6,0.49,8,0,1,0
302,5.7,2,56.2,33.3,224.5,0.7,3,1,0,1
440,0.1,2,47.9,20.9,33.0,0.91,5,0,1,0
78,6.7,2,87.7,38.1,72.7,0.83,0,2,0,1
497,5.6,0,40.2,18.6,289.5,0.37,1,2,0,1
433,4.8,0,12.4,26.0,23.7,0.08,9,1,0,0
245,5.9,2,52.2,38.9,141.1,0.72,7,2,0,1
61,1.2,2,12.6,34.5,151.0,0.01,6,2,1,0
475,4.6,1,66.7,27.3,47.0,0.97,8,1,0,1
210,5.0,0,41.4,36.1,292.8,0.61,1,2,1,1
165,5.2,1,76.2,21.6,241.0,0.65,3,1,0,1
44,2.9,1,12.2,24.2,162.5,0.07,9,0,1,1
287,1.6,0,29.2,19.9,171.0,0.04,7,0,0,0
52,7.5,0,88.4,34.5,287.6,0.5,5,1,1,0
364,5.4,1,42.6,34.3,30.3,0.81,2,0,1,1
305,7.0,0,33.2,21.3,138.9,0.89,1,2,0,1
418,5.5,0,71.5,21.5,289.1,0.52,9,2,1,0
407,1.0,1,38.8,36.8,129.3,0.89,10,1,0,0
317,4.9,0,55.4,39.9,29.2,0.01,4,2,0,1
53,3.6,0,84.7,21.6,84.0,0.36,1,0,0,1
137,7.9,1,71.1,27.7,277.2,0.94,9,1,0,1
444,2.3,1,78.6,38.2,38.7,0.37,9,1,1,0
354,3.3,1,31.0,37.3,204.8,0.62,10,0,0,1
84,6.8,1,40.1,30.5,256.1,0.22,7,2,0,1
243,3.7,2,82.0,28.2,25.7,0.73,6,1,0,1
173,0.5,1,89.7,28.7,210.7,0.48,4,1,0,0
490,3.8,2,27.1,30.5,296.3,0.77,0,1,1,1
114,0.4,0,86.2,33.0,81.0,0.64,1,0,0,1
212,0.7,2,46.1,27.2,64.2,0.89,2,0,0,1
180,7.7,1,23.2,25.7,125.7,0.48,2,2,1,1
472,5.5,1,75.8,30.3,268.1,0.2,10,2,0,1
345,7.9,2,69.4,34.2,95.0,0.15,7,0,1,0
63,6.3,2,42.5,29.5,1.1,0.45,2,2,1,1
23,1.7,0,43.6,30.0,49.8,0.38,5,0,0,0
194,6.5,0,34.2,24.8,245.7,0.12,7,2,1,0
215,2.8,2,44.1,39.4,100.7,0.93,7,1,1,0
288,4.8,2,44.9,24.3,197.9,0.68,10,1,0,1
417,6.7,0,62.0,31.6,123.4,0.5,9,2,0,0
262,4.6,0,63.4,36.7,63.6,0.78,8,1,0,1
443,3.8,0,38.0,35.5,139.2,0.91,10,2,1,0
486,3.0,0,50.6,23.9,197.6,0.31,6,2,0,0
465,7.3,0,11.2,21.4,112.3,0.82,9,1,1,0
496,4.6,1,29.3,39.4,57.8,0.64,0,2,1,1
485,5.1,2,23.9,37.9,155.2,0.44,1,2,0,0
328,4.6,1,77.4,31.8,78.1,0.55,5,0,0,1
18,3.5,2,71.6,21.4,185.4,0.54,1,2,1,1
385,5.9,1,60.8,35.1,56.0,0.65,3,1,0,1
376,6.2,1,71.6,32.5,82.5,0.93,10,0,0,1
240,7.4,0,18.6,24.2,268.4,0.09,7,1,0,0
56,3.9,0,43.1,28.7,187.7,0.21,6,1,1,1
418,1.3,1,10.8,21.9,170.2,0.61,0,0,1,1
252,8.0,2,53.7,21.5,222.5,0.93,3,2,0,1
270,4.1,0,27.3,26.0,269.6,0.03,2,0,0,1
142,2.2,0,86.3,25.7,165.4,0.29,7,1,1,0
133,1.4,2,77.7,33.8,288.6,0.1,9,1,0,0
493,5.8,1,80.6,27.3,224.1,0.82,9,0,1,1
107,4.5,1,81.8,36.0,134.8,0.89,8,1,1,1
314,6.6,2,86.0,29.7,119.5,0.11,5,1,0,0
130,0.6,2,39.7,21.2,94.3,0.01,0,2,1,0
243,4.5,1,81.9,30.4,115.7,0.6,8,0,0,1
371,4.9,2,16.0,37.6,126.5,0.76,5,1,0,1
30,6.4,1,13.7,24.0,35.8,0.45,9,1,1,1
300,0.2,0,61.5,36.8,296.4,0.91,4,0,1,0
463,4.3,2,13.1,32.2,20.8,0.1,6,2,1,0
167,6.0,1,16.4,35.0,148.1,0.05,4,2,1,1
439,5.1,0,77.4,38.6,30.8,0.22,0,0,0,1
446,5.5,1,28.1,19.9,217.2,0.81,8,0,0,1
457,6.3,0,13.8,24.7,79.1,0.69,6,1,0,1
303,3.7,0,35.5,21.3,175.2,0.85,6,2,1,0
272,4.2,2,48.2,28.8,84.2,0.77,7,0,0,1
397,2.4,0,38.2,36.4,72.7,0.65,3,2,0,1
